asset,tvl_usd,pct_of_tvl,asset_upper
JUPSOL,194085726.73021,25.673062577316358,JUPSOL
JLP,161674107.38519,21.38575332642266,JLP
SYRUPUSDC,121631908.5356,16.08909450396399,SYRUPUSDC
LBTC,84380383.65478,11.161577444993734,LBTC
SOL,53636163.77643,7.094826663650489,SOL
INF,46609513.59135,6.1653630037017555,INF
USDC,33486518.47282,4.429493599208359,USDC
CBBTC,17990847.02136,2.3797738719877124,CBBTC
JITOSOL,16963131.18978,2.2438307848768906,JITOSOL
JUP,7867628.62406,1.0407056995043729,JUP
USDT,3900994.1216,0.5160114959756664,USDT
XBTC,3133870.53832,0.41453874942249547,XBTC
WBTC,3034911.62676,0.4014487691758051,WBTC
USDS,2864616.38706,0.37892263900078965,USDS
USDG,2437340.63701,0.3224039178479889,USDG
EURC,2292107.87875,0.30319297558087327,EURC
