timestamp,sol_open,sol_close,sol_return_pct,sol_drawdown_pct,liquidation_count,debt_repaid_usd
2025-10-10 00:00:00,220.93,221.25,0.14484225772868342,-0.040661425860666345,0,0
2025-10-10 00:05:00,221.24,221.54,0.13559934912310556,-0.031587022246293284,0,0
2025-10-10 00:10:00,221.55,221.48,-0.03159557661928103,-0.06317119393557391,0,0
2025-10-10 00:15:00,221.47,221.59,0.054183410845709545,-0.058632509471401306,0,0
2025-10-10 00:20:00,221.59,221.39,-0.0902567805406429,-0.14883637019664775,0,0
2025-10-10 00:25:00,221.39,221.84,0.20326121324361068,-0.03154431976927219,0,0
2025-10-10 00:30:00,221.84,221.6,-0.10818608005770392,-0.18018018018017834,0,0
2025-10-10 00:35:00,221.61,221.99,0.17147240647985562,-0.004504504504498907,0,0
2025-10-10 00:40:00,221.99,221.4,-0.2657777377359394,-0.2702702702702675,0,0
2025-10-10 00:45:00,221.4,221.01,-0.1761517615176178,-0.44594594594594694,0,0
2025-10-10 00:50:00,221.01,221.32,0.14026514637346388,-0.3063063063063143,0,0
2025-10-10 00:55:00,221.33,221.23,-0.045181403334393355,-0.34684684684684886,0,0
2025-10-10 01:00:00,221.22,222,0.3525901817195587,0,0,0
2025-10-10 01:05:00,222,221.43,-0.2567567567567486,-0.28819741522942977,0,0
2025-10-10 01:10:00,221.43,222,0.2574176940793871,-0.03152159229071749,0,0
2025-10-10 01:15:00,222.01,221.8,-0.09459033376874038,-0.12158328454990874,0,0
2025-10-10 01:20:00,221.81,221.77,-0.01803345205355633,-0.13509253838879243,0,0
2025-10-10 01:25:00,221.78,222.05,0.12174226711154645,-0.009006169225911353,0,0
2025-10-10 01:30:00,222.05,221.86,-0.08556631389327052,-0.10356161916339479,0,0
2025-10-10 01:35:00,221.85,221.12,-0.3290511606941604,-0.4367598721239152,0,0
2025-10-10 01:40:00,221.12,220.97,-0.06783646888567363,-0.5043000585348345,0,0
2025-10-10 01:45:00,220.98,220.89,-0.04072766766223257,-0.5403214912873211,0,0
2025-10-10 01:50:00,220.89,220.94,0.022635701027673427,-0.5178080958170184,0,0
2025-10-10 01:55:00,220.95,220.97,0.009051821679118,-0.5043000585348345,0,0
2025-10-10 02:00:00,220.98,220.39,-0.2669924880079666,-0.7654554459903706,0,0
2025-10-10 02:05:00,220.4,220.72,0.14519056261341756,-0.6168670358863593,0,0
2025-10-10 02:10:00,220.72,220.73,0.004530627038779045,-0.6123643567922943,0,0
2025-10-10 02:15:00,220.72,221.81,0.49383834722724895,-0.12607501463370863,0,0
2025-10-10 02:20:00,221.82,221.55,-0.12172031376791459,-0.24314467107928728,0,0
2025-10-10 02:25:00,221.55,221.11,-0.1986007673211443,-0.4412625512179691,0,0
2025-10-10 02:30:00,221.12,220.46,-0.29848046309696175,-0.7339366923319379,0,0
2025-10-10 02:35:00,220.45,220.77,0.14515763211613297,-0.5943536404160454,0,0
2025-10-10 02:40:00,220.78,220.62,-0.07247033245765255,-0.6618938268269647,0,0
2025-10-10 02:45:00,220.63,220.47,-0.0725196029551678,-0.729434013237884,0,0
2025-10-10 02:50:00,220.47,220.28,-0.08617952555902697,-0.8149849160250411,0,0
2025-10-10 02:55:00,220.28,220.33,0.022698383875074946,-0.7924715205547272,0,0
2025-10-10 03:00:00,220.34,219.58,-0.344921484977756,-1.1301724526093015,0,0
2025-10-10 03:05:00,219.59,219.86,0.12295641878046215,-1.004097437975593,0,0
2025-10-10 03:10:00,219.85,219.96,0.05003411416875103,-0.9590706470349875,0,0
2025-10-10 03:15:00,219.96,220.49,0.24095290052736917,-0.7204286550497541,0,0
2025-10-10 03:20:00,220.5,221.29,0.35827664399092907,-0.36021432752487703,0,0
2025-10-10 03:25:00,221.28,221.6,0.1446131597975464,-0.22063127560899565,0,0
2025-10-10 03:30:00,221.6,222.25,0.29332129963899334,-0.08541629203380197,0,0
2025-10-10 03:35:00,222.25,222.36,0.04949381327334912,-0.14818806412500996,0,0
2025-10-10 03:40:00,222.36,222.49,0.05846375247346991,-0.08981094795454947,0,0
2025-10-10 03:45:00,222.5,222.42,-0.035955056179781675,-0.2019114281868406,0,0
2025-10-10 03:50:00,222.41,221.57,-0.37768085967357923,-0.5832996814286395,0,0
2025-10-10 03:55:00,221.58,221.65,0.031591298853683725,-0.5474043164176434,0,0
2025-10-10 04:00:00,221.64,222.13,0.22107922757625964,-0.332032126351689,0,0
2025-10-10 04:05:00,222.13,222.71,0.2611083599693975,-0.08524001794526503,0,0
2025-10-10 04:10:00,222.7,222.7,0,-0.08972633467924096,0,0
2025-10-10 04:15:00,222.7,222.27,-0.19308486753478737,-0.28263795423956184,0,0
2025-10-10 04:20:00,222.27,222.07,-0.08998065415936063,-0.3723642889188028,0,0
2025-10-10 04:25:00,222.07,221.89,-0.0810555230332799,-0.4531179901301141,0,0
2025-10-10 04:30:00,221.9,221.6,-0.13519603424966276,-0.5832211754149941,0,0
2025-10-10 04:35:00,221.6,221.15,-0.20306859205775352,-0.7851054284432446,0,0
2025-10-10 04:40:00,221.15,221.46,0.14017635089305092,-0.6460296096904461,0,0
2025-10-10 04:45:00,221.45,221.19,-0.11740799277488723,-0.7671601615074075,0,0
2025-10-10 04:50:00,221.19,221.26,0.031647000316459284,-0.735755944369676,0,0
2025-10-10 04:55:00,221.27,221.22,-0.02259682740544111,-0.7537012113055241,0,0
2025-10-10 05:00:00,221.23,220.58,-0.29381186999953846,-1.0408254822790508,0,0
2025-10-10 05:05:00,220.57,220.7,0.05893820555833429,-0.9869896814715173,0,0
2025-10-10 05:10:00,220.7,220.42,-0.12686905301314555,-1.1126065500224436,0,0
2025-10-10 05:15:00,220.43,220.61,0.08165857641881935,-1.0273665320771563,0,0
2025-10-10 05:20:00,220.62,221.12,0.22663403136615745,-0.798564378645128,0,0
2025-10-10 05:25:00,221.13,220.98,-0.0678334011667392,-0.8613728129206022,0,0
2025-10-10 05:30:00,220.99,220.41,-0.2624553147201336,-1.1170928667563973,0,0
2025-10-10 05:35:00,220.4,220.6,0.09074410163338875,-1.0318528488111323,0,0
2025-10-10 05:40:00,220.6,220.98,0.17225747960107896,-0.8613728129206022,0,0
2025-10-10 05:45:00,220.99,221.1,0.04977600796416404,-0.8075370121130576,0,0
2025-10-10 05:50:00,221.1,221.73,0.28493894165535494,-0.5248990578734958,0,0
2025-10-10 05:55:00,221.72,221.68,-0.018040772145044848,-0.5473306415432977,0,0
2025-10-10 06:00:00,221.68,222.14,0.20750631540960018,-0.34096007178107124,0,0
2025-10-10 06:05:00,222.13,222.09,-0.01800747310133355,-0.36339165545087315,0,0
2025-10-10 06:10:00,222.08,221.88,-0.09005763688761936,-0.45760430686406783,0,0
2025-10-10 06:15:00,221.88,221.81,-0.03154858482061762,-0.4890085240017994,0,0
2025-10-10 06:20:00,221.81,221.58,-0.10369234930796001,-0.5921938088829015,0,0
2025-10-10 06:25:00,221.58,221.22,-0.16246953696182898,-0.7537012113055241,0,0
2025-10-10 06:30:00,221.23,221.48,0.1130045653844336,-0.6370569762225275,0,0
2025-10-10 06:35:00,221.48,220.81,-0.3025103846848398,-0.9376401973979376,0,0
2025-10-10 06:40:00,220.82,220.99,0.07698578027353076,-0.8568864961866263,0,0
2025-10-10 06:45:00,221,220.38,-0.28054298642533615,-1.1305518169582807,0,0
2025-10-10 06:50:00,220.39,219.75,-0.2903943010118315,-1.4131897711978536,0,0
2025-10-10 06:55:00,219.74,219.39,-0.1592791480841127,-1.5746971736204651,0,0
2025-10-10 07:00:00,219.39,218.96,-0.19599799443911214,-1.767608793180797,0,0
2025-10-10 07:05:00,218.95,218.68,-0.12331582553093412,-1.8932256617317123,0,0
2025-10-10 07:10:00,218.69,218.81,0.05487219351594241,-1.834903544190225,0,0
2025-10-10 07:15:00,218.82,218.58,-0.10967918837400115,-1.9380888290713272,0,0
2025-10-10 07:20:00,218.57,218.17,-0.18300773207667875,-2.122027815163763,0,0
2025-10-10 07:25:00,218.17,218.61,0.20167759086950898,-1.9246298788694438,0,0
2025-10-10 07:30:00,218.61,218.45,-0.07318969854993584,-1.9964109466128366,0,0
2025-10-10 07:35:00,218.46,218.92,0.21056486313282274,-1.7855540601166564,0,0
2025-10-10 07:40:00,218.93,219.13,0.09135340063033404,-1.6913414087034617,0,0
2025-10-10 07:45:00,219.14,218.77,-0.16884183626904026,-1.8528488111260621,0,0
2025-10-10 07:50:00,218.76,218.74,-0.00914243920276947,-1.8663077613279455,0,0
2025-10-10 07:55:00,218.74,218.12,-0.28344152875560136,-2.1444593988335536,0,0
2025-10-10 08:00:00,218.13,217.75,-0.17420804107641796,-2.31045311799013,0,0
2025-10-10 08:05:00,217.75,217.84,0.04133180252583468,-2.27007626738448,0,0
2025-10-10 08:10:00,217.83,218.44,0.280034889592784,-2.0008972633467903,0,0
2025-10-10 08:15:00,218.45,218.94,0.2243076218814366,-1.7765814266487268,0,0
2025-10-10 08:20:00,218.94,219.04,0.04567461404951789,-1.7317182593091118,0,0
2025-10-10 08:25:00,219.04,219.05,0.004565376187004588,-1.727231942575147,0,0
2025-10-10 08:30:00,219.04,218.65,-0.1780496712929125,-1.9066846119336067,0,0
2025-10-10 08:35:00,218.64,218.97,0.15093304061470914,-1.7631224764468434,0,0
2025-10-10 08:40:00,218.96,218.55,-0.1872488125685079,-1.9515477792732105,0,0
2025-10-10 08:45:00,218.55,218.7,0.06863417982154729,-1.8842530282638048,0,0
2025-10-10 08:50:00,218.71,219.31,0.2743358785606498,-1.6105877074921504,0,0
2025-10-10 08:55:00,219.31,220.06,0.34198166978249844,-1.274113952445044,0,0
2025-10-10 09:00:00,220.07,219.64,-0.19539237515335817,-1.4625392552714334,0,0
2025-10-10 09:05:00,219.64,219.28,-0.1639045711163689,-1.6240466576940338,0,0
2025-10-10 09:10:00,219.27,219.35,0.03648469922925557,-1.5926424405563133,0,0
2025-10-10 09:15:00,219.34,219.3,-0.018236527765114197,-1.6150740242261041,0,0
2025-10-10 09:20:00,219.3,219.84,0.24623803009575784,-1.3728129205921924,0,0
2025-10-10 09:25:00,219.84,220.56,0.3275109170305601,-1.0497981157469694,0,0
2025-10-10 09:30:00,220.56,220.54,-0.009067827348574475,-1.058770749214899,0,0
2025-10-10 09:35:00,220.55,220.29,-0.1178871004307469,-1.1709286675639308,0,0
2025-10-10 09:40:00,220.29,220.27,-0.009078941395423978,-1.1799013010318493,0,0
2025-10-10 09:45:00,220.28,219.71,-0.25876157617577,-1.4311350381336907,0,0
2025-10-10 09:50:00,219.71,219.33,-0.17295525920530963,-1.6016150740242208,0,0
2025-10-10 09:55:00,219.33,218.95,-0.17325491268865845,-1.772095109914773,0,0
2025-10-10 10:00:00,218.95,219.13,0.08221055035395608,-1.6913414087034617,0,0
2025-10-10 10:05:00,219.14,219.71,0.2601076937117863,-1.4311350381336907,0,0
2025-10-10 10:10:00,219.71,219.73,0.009102908379210461,-1.4221624046657722,0,0
2025-10-10 10:15:00,219.73,219.82,0.04095935921357707,-1.381785554060122,0,0
2025-10-10 10:20:00,219.83,219.78,-0.022744848291866848,-1.3997308209959591,0,0
2025-10-10 10:25:00,219.78,219.55,-0.10465010465009472,-1.5029161058770724,0,0
2025-10-10 10:30:00,219.54,219.74,0.09109957183202066,-1.4176760879318073,0,0
2025-10-10 10:35:00,219.73,219.57,-0.07281663860191356,-1.4939434724091538,0,0
2025-10-10 10:40:00,219.57,219.85,0.12752197476886273,-1.3683266038582387,0,0
2025-10-10 10:45:00,219.84,220.19,0.15920669577873525,-1.2157918349035457,0,0
2025-10-10 10:50:00,220.2,220.15,-0.02270663033605569,-1.233737101839394,0,0
2025-10-10 10:55:00,220.16,220.4,0.10901162790697416,-1.121579183490351,0,0
2025-10-10 11:00:00,220.41,220.76,0.158794973004861,-0.9600717810677506,0,0
2025-10-10 11:05:00,220.77,221.16,0.17665443674410586,-0.7806191117092909,0,0
2025-10-10 11:10:00,221.16,220.69,-0.21251582564658644,-0.9914759982054822,0,0
2025-10-10 11:15:00,220.69,220.73,0.018124971679722712,-0.973530731269634,0,0
2025-10-10 11:20:00,220.72,220.44,-0.12685755708590207,-1.103633916554514,0,0
2025-10-10 11:25:00,220.45,220.78,0.1496938081197552,-0.951099147599821,0,0
2025-10-10 11:30:00,220.79,220.81,0.009058381267279536,-0.9376401973979376,0,0
2025-10-10 11:35:00,220.8,221.15,0.15851449275361418,-0.7851054284432446,0,0
2025-10-10 11:40:00,221.14,221.36,0.09948448946370814,-0.6908927770300499,0,0
2025-10-10 11:45:00,221.37,221.15,-0.09938112662059018,-0.7851054284432446,0,0
2025-10-10 11:50:00,221.15,221.46,0.14017635089305092,-0.6460296096904461,0,0
2025-10-10 11:55:00,221.46,221.14,-0.1444956199765257,-0.7895917451772205,0,0
2025-10-10 12:00:00,221.15,221.53,0.17182907528825453,-0.6146253925527145,0,0
2025-10-10 12:05:00,221.52,221.38,-0.06319971108703637,-0.6819201435621425,0,0
2025-10-10 12:10:00,221.38,221.05,-0.14906495618393079,-0.8299685957828595,0,0
2025-10-10 12:15:00,221.04,221.58,0.2442996742671122,-0.5921938088829015,0,0
2025-10-10 12:20:00,221.58,221.6,0.00902608538675409,-0.5832211754149941,0,0
2025-10-10 12:25:00,221.59,221.5,-0.040615551243283754,-0.6280843427545979,0,0
2025-10-10 12:30:00,221.49,221.6,0.04966364169938231,-0.5832211754149941,0,0
2025-10-10 12:35:00,221.6,221.11,-0.22111913357399926,-0.8030506953790928,0,0
2025-10-10 12:40:00,221.11,221.08,-0.013567907376421662,-0.8165096455809762,0,0
2025-10-10 12:45:00,221.07,221.21,0.0633283575338206,-0.7581875280394779,0,0
2025-10-10 12:50:00,221.21,221.49,0.12657655621355346,-0.6325706594885627,0,0
2025-10-10 12:55:00,221.48,221.76,0.12642225031604948,-0.5114401076716124,0,0
2025-10-10 13:00:00,221.76,222.35,0.2660533910533891,-0.24674742036788766,0,0
2025-10-10 13:05:00,222.36,221.86,-0.22486058643640394,-0.4665769403319864,0,0
2025-10-10 13:10:00,221.85,221.86,0.004507550146493067,-0.4665769403319864,0,0
2025-10-10 13:15:00,221.85,222.33,0.21636240703177823,-0.2557200538357951,0,0
2025-10-10 13:20:00,222.33,222.15,-0.08096073404398885,-0.3364737550471064,0,0
2025-10-10 13:25:00,222.16,222.52,0.16204537270436692,-0.17048003589053007,0,0
2025-10-10 13:30:00,222.52,223.23,0.3190724429264602,-0.026870885395680055,0,0
2025-10-10 13:35:00,223.23,224.06,0.371813824306777,-0.09809167112537764,0,0
2025-10-10 13:40:00,224.06,224.03,-0.01338927073105678,-0.19157088122605526,0,0
2025-10-10 13:45:00,224.03,223.1,-0.41512297460162273,-0.6058986010870626,0,0
2025-10-10 13:50:00,223.1,222.25,-0.38099506947556483,-0.9845852267664656,0,0
2025-10-10 13:55:00,222.26,223.41,0.5174120399532134,-0.4677893611333972,0,0
2025-10-10 14:00:00,223.42,224.33,0.4073046280548054,-0.057916778045086215,0,0
2025-10-10 14:05:00,224.33,224.04,-0.1292738376499014,-0.18711574445335888,0,0
2025-10-10 14:10:00,224.04,223.9,-0.06248884127834087,-0.24948765927114147,0,0
2025-10-10 14:15:00,223.9,222.87,-0.4600267976775374,-0.7083667468591348,0,0
2025-10-10 14:20:00,222.87,222.4,-0.21088526943958685,-0.9177581751759756,0,0
2025-10-10 14:25:00,222.41,222.18,-0.10341261633919352,-1.0157711841753514,0,0
2025-10-10 14:30:00,222.17,223.35,0.531124814331374,-0.49452018176958656,0,0
2025-10-10 14:35:00,223.34,222.7,-0.2865586101907458,-0.7841040719950176,0,0
2025-10-10 14:40:00,222.69,222.43,-0.11675423234092097,-0.9043927648578864,0,0
2025-10-10 14:45:00,222.43,223,0.2562603965292398,-0.6504499688140486,0,0
2025-10-10 14:50:00,223,222.65,-0.15695067264573925,-0.8063797558585106,0,0
2025-10-10 14:55:00,222.64,219.79,-1.2800934243621942,-2.0805488728504073,0,0
2025-10-10 15:00:00,219.79,218.13,-0.7552663906456147,-2.820101577118428,0,0
2025-10-10 15:05:00,218.12,218.11,-0.004584632312487624,-2.8290118506638096,0,0
2025-10-10 15:10:00,218.11,218.45,0.1558846453624252,-2.677537200392055,0,0
2025-10-10 15:15:00,218.44,216.6,-0.8423365683940642,-3.5017375033413622,2,12.227011790027001
2025-10-10 15:20:00,216.59,213.6,-1.380488480539277,-4.83827853515103,35,5226.765669870604
2025-10-10 15:25:00,213.59,213.24,-0.16386534950137976,-4.998663458968188,12,1138.1030749796455
2025-10-10 15:30:00,213.23,210.06,-1.4866575997748877,-6.415396952686447,35,6185.560988397144
2025-10-10 15:35:00,210.06,211.16,0.523659906693319,-5.925331907689568,10,339.71941966528465
2025-10-10 15:40:00,211.16,213.44,1.0797499526425502,-4.9095607235142165,0,0
2025-10-10 15:45:00,213.44,211.64,-0.8433283358320942,-5.711485342600032,0,0
2025-10-10 15:50:00,211.64,211.29,-0.16537516537515895,-5.867415129644482,0,0
2025-10-10 15:55:00,211.28,210.7,-0.2745172283226127,-6.130268199233724,1,4.654001440256501
2025-10-10 16:00:00,210.69,210.74,0.023731548720884454,-6.112447652142916,0,0
2025-10-10 16:05:00,210.73,212.17,0.6833388696436238,-5.475363093646979,0,0
2025-10-10 16:10:00,212.18,211.39,-0.3723253841078411,-5.822863761917496,0,0
2025-10-10 16:15:00,211.39,210.93,-0.2176072661904449,-6.0278000534616405,0,0
2025-10-10 16:20:00,210.94,211.97,0.4882905091495138,-5.564465829100962,0,0
2025-10-10 16:25:00,211.97,211.41,-0.26418832853706276,-5.813953488372103,0,0
2025-10-10 16:30:00,211.4,212.32,0.4351939451277209,-5.4085360420565,0,0
2025-10-10 16:35:00,212.32,212.94,0.2920120572720508,-5.132317562149158,0,0
2025-10-10 16:40:00,212.93,211.56,-0.6434039355656784,-5.747126436781613,0,0
2025-10-10 16:45:00,211.56,210.96,-0.28360748723765816,-6.01443464314354,0,0
2025-10-10 16:50:00,210.96,211.27,0.14694728858550832,-5.876325403189875,0,0
2025-10-10 16:55:00,211.27,211.26,-0.004733279689506098,-5.880780539962583,0,0
2025-10-10 17:00:00,211.25,210.19,-0.5017751479289956,-6.357480174641362,0,0
2025-10-10 17:05:00,210.19,210.13,-0.028545601598550796,-6.384210995277561,0,0
2025-10-10 17:10:00,210.12,209.96,-0.07614696363982265,-6.459948320413433,1,4.569212217385999
2025-10-10 17:15:00,209.97,210.56,0.28099252274134123,-6.192640114051507,0,0
2025-10-10 17:20:00,210.55,210.84,0.13773450486820327,-6.06789628441593,0,0
2025-10-10 17:25:00,210.85,210.97,0.05691249703581036,-6.009979506370843,0,0
2025-10-10 17:30:00,210.97,210.48,-0.23226051097312572,-6.228281208233099,0,0
2025-10-10 17:35:00,210.47,209.93,-0.25656863210908876,-6.473313730731533,4,177.92647037574636
2025-10-10 17:40:00,209.93,209.56,-0.17624922593245662,-6.6381537913213995,4,145.55603424445002
2025-10-10 17:45:00,209.56,210,0.2099637335369442,-6.442127773322648,8,498.52210900386655
2025-10-10 17:50:00,209.99,209.41,-0.27620362874423154,-6.704980842911878,0,0
2025-10-10 17:55:00,209.41,209.68,0.12893367078936624,-6.58469215004901,1,4.4952553138815
2025-10-10 18:00:00,209.68,209.05,-0.30045784051888624,-6.865365766729036,0,0
2025-10-10 18:05:00,209.05,208.85,-0.09567089213107227,-6.95446850218302,12,651.2688584512595
2025-10-10 18:10:00,208.84,208.87,0.014365064163945895,-6.945558228637616,2,116.89731686326041
2025-10-10 18:15:00,208.86,208.41,-0.21545532892848218,-7.150494520181772,1,4.4241260386885
2025-10-10 18:20:00,208.41,209.72,0.6285686867232965,-6.566871602958213,0,0
2025-10-10 18:25:00,209.72,209.18,-0.257486172038901,-6.807448988683951,0,0
2025-10-10 18:30:00,209.18,208.84,-0.16253943971699103,-6.958923638955716,0,0
2025-10-10 18:35:00,208.83,208.4,-0.20590911267538425,-7.154949656954468,0,0
2025-10-10 18:40:00,208.39,208.42,0.014396084265078102,-7.146039383409075,5,251.8948031461675
2025-10-10 18:45:00,208.42,208.18,-0.11515209672775528,-7.252962665953843,16,821.8522716262078
2025-10-10 18:50:00,208.17,207.89,-0.13450545227458033,-7.382161632362127,1,4.350766740855501
2025-10-10 18:55:00,207.88,207.47,-0.1972291706753837,-7.569277376815475,2,49.19377893229275
2025-10-10 19:00:00,207.47,207.95,0.2313587506627357,-7.3554308117259275,0,0
2025-10-10 19:05:00,207.95,207.55,-0.19235393123345768,-7.533636282633871,3,146.36432360776075
2025-10-10 19:10:00,207.56,206.98,-0.27943727115051775,-7.7875790786777195,28,1116.8401303721798
2025-10-10 19:15:00,206.97,206.43,-0.26090737788084795,-8.032611601176153,4,179.87252827336482
2025-10-10 19:20:00,206.44,206.15,-0.1404766518116607,-8.15735543081173,40,3847.2219200671548
2025-10-10 19:25:00,206.15,203.5,-1.2854717438758212,-9.337966675576947,14,4732.994482646731
2025-10-10 19:30:00,203.5,204.63,0.5552825552825436,-8.834536220261969,13,2295.2514113663005
2025-10-10 19:35:00,204.62,204.92,0.14661323428795114,-8.705337253853706,1,4.016875313791667
2025-10-10 19:40:00,204.93,206.52,0.7758746889181767,-7.992515370221865,0,0
2025-10-10 19:45:00,206.52,207.16,0.3098973465039734,-7.70738661676914,0,0
2025-10-10 19:50:00,207.16,205.96,-0.5792624058698514,-8.242003029493006,0,0
2025-10-10 19:55:00,205.95,205.32,-0.30589949016751605,-8.527131782945741,0,0
2025-10-10 20:00:00,205.31,206.37,0.516292435828758,-8.059342421812355,0,0
2025-10-10 20:05:00,206.36,205.87,-0.23744911804614022,-8.282099260447296,0,0
2025-10-10 20:10:00,205.87,206.51,0.31087579540485244,-7.996970506994572,0,0
2025-10-10 20:15:00,206.5,206.53,0.014527845036327314,-7.988060233449168,0,0
2025-10-10 20:20:00,206.53,207.15,0.30019851837506106,-7.711841753541837,0,0
2025-10-10 20:25:00,207.15,207.6,0.21723388848660097,-7.5113605987703895,0,0
2025-10-10 20:30:00,207.6,207.33,-0.13005780346819762,-7.631649291633247,0,0
2025-10-10 20:35:00,207.32,207.37,0.024117306579207742,-7.613828744542461,0,0
2025-10-10 20:40:00,207.36,207.51,0.07233796296295392,-7.551456829724678,0,0
2025-10-10 20:45:00,207.52,207.23,-0.13974556669237304,-7.676200659360255,0,0
2025-10-10 20:50:00,207.23,203.9,-1.6069101964001242,-9.159761204668982,15,3226.1268037272116
2025-10-10 20:55:00,203.9,196.84,-3.4624816086316845,-12.305087766194422,42,13323.667452132955
2025-10-10 21:00:00,196.84,198.14,0.6604348709611685,-11.725919985743571,13,89398.97055331059
2025-10-10 21:05:00,198.14,197.23,-0.45927122236801843,-12.131337432059174,7,15293.759842293313
2025-10-10 21:10:00,197.22,187.39,-4.984281513031141,-16.51519201639491,16,59671.47016784171
2025-10-10 21:15:00,187.34,180.05,-3.8913205935731776,-19.785262407555916,16,283077.8545022025
2025-10-10 21:20:00,180.05,174.67,-2.988058872535415,-22.18212599126794,11,258511.0265840875
2025-10-10 21:25:00,174.66,174.74,0.04580327493417524,-22.150940033859033,22,152003.18578322176
2025-10-10 21:30:00,174.76,183.19,4.823758297093161,-18.386349460928454,1,2.7756606748559998
2025-10-10 21:35:00,183.62,178.02,-3.0497767127763864,-20.68965517241379,2,471.893187530558
2025-10-10 21:40:00,178.34,196.82,10.362229449366378,-12.313998039739825,3,31270.59415072733
2025-10-10 21:45:00,196.82,192.18,-2.3574839955288973,-14.381181502272122,9,70011.70636807846
2025-10-10 21:50:00,192.17,193.92,0.910652026851233,-13.60598770382252,0,0
2025-10-10 21:55:00,193.8,193.41,-0.2012383900928838,-13.833199679230157,1,6775.55436593542
2025-10-10 22:00:00,193.41,191.17,-1.1581614187477385,-14.831150316314723,8,36490.57690952203
2025-10-10 22:05:00,191.19,190.45,-0.38704953187929103,-15.15192016394904,10,63321.20656291641
2025-10-10 22:10:00,190.43,189.64,-0.41485060127082196,-15.512786242537658,4,16113.668206344879
2025-10-10 22:15:00,189.67,186.31,-1.7714978647123902,-16.996346787846385,5,79815.29556650392
2025-10-10 22:20:00,186.31,187,0.3703504911169553,-16.688942350530166,6,2866.5812405035676
2025-10-10 22:25:00,187.01,185.12,-1.0106411421848982,-17.526508063797564,14,65432.87322372776
2025-10-10 22:30:00,185.12,188.39,1.7664217804667093,-16.069678339125016,1,408.94942342942824
2025-10-10 22:35:00,188.37,189.88,0.8016138450920973,-15.405862959992877,0,0
2025-10-10 22:40:00,189.87,189.34,-0.2791383578237716,-15.646440345718615,0,0
2025-10-10 22:45:00,189.34,191.81,1.3045315305799,-14.546021562861977,0,0
2025-10-10 22:50:00,191.8,188.15,-1.9030239833159546,-16.176601621669782,0,0
2025-10-10 22:55:00,188.15,189.93,0.9460536805740105,-15.383587276129374,0,0
2025-10-10 23:00:00,189.93,190.26,0.17374822302953508,-15.236567762630315,0,0
2025-10-10 23:05:00,190.25,190.23,-0.010512483574254272,-15.249933172948415,0,0
2025-10-10 23:10:00,190.23,189.33,-0.4731114966093575,-15.650895482491311,1,848.6617497820667
2025-10-10 23:15:00,189.34,190.44,0.5809654589627122,-15.156375300721736,0,0
2025-10-10 23:20:00,190.44,190.44,0,-15.156375300721736,0,0
2025-10-10 23:25:00,190.44,192.56,1.1132115101869289,-14.21188630490956,0,0
2025-10-10 23:30:00,192.55,191.94,-0.31680083095300127,-14.488104784816901,7,2354.0373081701637
2025-10-10 23:35:00,191.94,194.22,1.1878712097530553,-13.472333600641539,5,932.4923907330783
2025-10-10 23:40:00,194.23,194.41,0.09267363435103704,-13.387686001960263,0,0
2025-10-10 23:45:00,194.41,189,-2.782778663648988,-15.79791499599038,1,1120.6184141524423
2025-10-10 23:50:00,189,188.81,-0.10052910052910091,-15.882562594671656,4,281.86396251323896
2025-10-10 23:55:00,188.81,188.43,-0.20126052645516035,-16.05185779203422,5,9407.613874876139