open_time,open,high,low,close,volume
2025-10-10 00:00:00+00:00,220.93,220.97,220.84,220.85,1177.495
2025-10-10 00:01:00+00:00,220.85,220.94,220.76,220.94,1110.867
2025-10-10 00:02:00+00:00,220.94,221.23,220.93,221.21,3606.538
2025-10-10 00:03:00+00:00,221.21,221.32,221.12,221.12,1477.913
2025-10-10 00:04:00+00:00,221.11,221.34,220.98,221.25,2914.685
2025-10-10 00:05:00+00:00,221.24,221.26,221.09,221.1,1268.402
2025-10-10 00:06:00+00:00,221.09,221.28,221.05,221.27,1955.062
2025-10-10 00:07:00+00:00,221.27,221.33,221.07,221.21,4211.578
2025-10-10 00:08:00+00:00,221.21,221.46,221.16,221.46,919.927
2025-10-10 00:09:00+00:00,221.45,221.61,221.45,221.54,1871.07
2025-10-10 00:10:00+00:00,221.55,221.62,221.5,221.5,895.199
2025-10-10 00:11:00+00:00,221.5,221.56,221.31,221.31,765.25
2025-10-10 00:12:00+00:00,221.31,221.34,221.27,221.34,733.874
2025-10-10 00:13:00+00:00,221.34,221.5,221.34,221.49,316.398
2025-10-10 00:14:00+00:00,221.5,221.5,221.36,221.48,628.413
2025-10-10 00:15:00+00:00,221.47,221.62,221.47,221.5,999.863
2025-10-10 00:16:00+00:00,221.5,221.56,221.48,221.55,168.419
2025-10-10 00:17:00+00:00,221.55,221.72,221.55,221.61,1239.291
2025-10-10 00:18:00+00:00,221.61,221.71,221.59,221.68,504.622
2025-10-10 00:19:00+00:00,221.68,221.7,221.55,221.59,511.821
2025-10-10 00:20:00+00:00,221.59,221.6,221.35,221.35,850.689
2025-10-10 00:21:00+00:00,221.35,221.38,221.2,221.2,556.758
2025-10-10 00:22:00+00:00,221.21,221.25,221.08,221.08,741.697
2025-10-10 00:23:00+00:00,221.07,221.19,221.03,221.19,1599.425
2025-10-10 00:24:00+00:00,221.19,221.39,221.19,221.39,555.293
2025-10-10 00:25:00+00:00,221.39,221.41,221.26,221.41,1333.112
2025-10-10 00:26:00+00:00,221.41,221.64,221.41,221.63,316.653
2025-10-10 00:27:00+00:00,221.63,221.72,221.62,221.71,1186.586
2025-10-10 00:28:00+00:00,221.71,221.86,221.7,221.86,2939.722
2025-10-10 00:29:00+00:00,221.87,221.91,221.81,221.84,659.944
2025-10-10 00:30:00+00:00,221.84,222.0,221.74,221.75,1953.368
2025-10-10 00:31:00+00:00,221.75,221.76,221.51,221.55,479.18
2025-10-10 00:32:00+00:00,221.56,221.59,221.45,221.51,1004.124
2025-10-10 00:33:00+00:00,221.52,221.79,221.52,221.72,946.382
2025-10-10 00:34:00+00:00,221.72,221.72,221.59,221.6,612.109
2025-10-10 00:35:00+00:00,221.61,221.65,221.5,221.5,691.428
2025-10-10 00:36:00+00:00,221.5,221.65,221.5,221.56,602.47
2025-10-10 00:37:00+00:00,221.55,221.61,221.51,221.54,773.82
2025-10-10 00:38:00+00:00,221.54,221.81,221.53,221.81,216.638
2025-10-10 00:39:00+00:00,221.8,222.0,221.8,221.99,217.331
2025-10-10 00:40:00+00:00,221.99,222.0,221.8,221.86,404.281
2025-10-10 00:41:00+00:00,221.86,221.91,221.8,221.9,1699.745
2025-10-10 00:42:00+00:00,221.89,221.9,221.41,221.49,1080.14
2025-10-10 00:43:00+00:00,221.49,221.5,221.34,221.34,554.102
2025-10-10 00:44:00+00:00,221.35,221.41,221.35,221.4,543.107
2025-10-10 00:45:00+00:00,221.4,221.4,221.25,221.25,696.349
2025-10-10 00:46:00+00:00,221.26,221.26,221.1,221.11,1136.03
2025-10-10 00:47:00+00:00,221.11,221.14,220.95,220.99,872.981
2025-10-10 00:48:00+00:00,220.99,221.13,220.97,221.05,293.911
2025-10-10 00:49:00+00:00,221.06,221.06,220.95,221.01,653.075
2025-10-10 00:50:00+00:00,221.01,221.15,220.98,221.14,610.581
2025-10-10 00:51:00+00:00,221.14,221.17,221.05,221.17,223.911
2025-10-10 00:52:00+00:00,221.17,221.21,221.11,221.17,1734.791
2025-10-10 00:53:00+00:00,221.17,221.46,221.17,221.45,1331.58
2025-10-10 00:54:00+00:00,221.45,221.46,221.28,221.32,2011.561
2025-10-10 00:55:00+00:00,221.33,221.4,221.28,221.29,1014.821
2025-10-10 00:56:00+00:00,221.28,221.29,221.16,221.16,425.236
2025-10-10 00:57:00+00:00,221.17,221.17,221.11,221.11,300.961
2025-10-10 00:58:00+00:00,221.11,221.32,221.11,221.24,3374.965
2025-10-10 00:59:00+00:00,221.23,221.23,221.17,221.23,1205.353
2025-10-10 01:00:00+00:00,221.22,221.34,221.11,221.29,665.378
2025-10-10 01:01:00+00:00,221.29,221.71,221.29,221.71,1073.707
2025-10-10 01:02:00+00:00,221.7,221.72,221.56,221.6,898.702
2025-10-10 01:03:00+00:00,221.61,221.88,221.6,221.87,2573.528
2025-10-10 01:04:00+00:00,221.87,222.0,221.77,222.0,1819.551
2025-10-10 01:05:00+00:00,222.0,222.07,221.67,221.83,6394.979
2025-10-10 01:06:00+00:00,221.84,221.94,221.72,221.73,1167.152
2025-10-10 01:07:00+00:00,221.73,221.73,221.47,221.49,610.909
2025-10-10 01:08:00+00:00,221.5,221.62,221.47,221.5,456.616
2025-10-10 01:09:00+00:00,221.51,221.54,221.34,221.43,1849.261
2025-10-10 01:10:00+00:00,221.43,221.7,221.43,221.6,1194.767
2025-10-10 01:11:00+00:00,221.59,221.77,221.59,221.75,438.051
2025-10-10 01:12:00+00:00,221.75,222.0,221.75,221.89,901.98
2025-10-10 01:13:00+00:00,221.89,222.02,221.85,222.01,637.199
2025-10-10 01:14:00+00:00,222.01,222.05,222.0,222.0,642.45
2025-10-10 01:15:00+00:00,222.01,222.01,221.78,221.8,595.543
2025-10-10 01:16:00+00:00,221.8,221.92,221.8,221.8,587.047
2025-10-10 01:17:00+00:00,221.8,221.87,221.8,221.81,343.212
2025-10-10 01:18:00+00:00,221.81,221.84,221.8,221.8,712.372
2025-10-10 01:19:00+00:00,221.81,221.85,221.67,221.8,503.796
2025-10-10 01:20:00+00:00,221.81,221.92,221.8,221.87,445.698
2025-10-10 01:21:00+00:00,221.87,221.87,221.74,221.78,594.456
2025-10-10 01:22:00+00:00,221.78,221.91,221.71,221.72,378.142
2025-10-10 01:23:00+00:00,221.72,221.75,221.65,221.66,233.295
2025-10-10 01:24:00+00:00,221.65,221.79,221.65,221.77,673.607
2025-10-10 01:25:00+00:00,221.78,221.93,221.78,221.89,575.189
2025-10-10 01:26:00+00:00,221.89,221.89,221.68,221.69,1076.423
2025-10-10 01:27:00+00:00,221.68,221.7,221.67,221.68,87.524
2025-10-10 01:28:00+00:00,221.69,221.91,221.69,221.9,749.208
2025-10-10 01:29:00+00:00,221.9,222.05,221.9,222.05,1230.22
2025-10-10 01:30:00+00:00,222.05,222.09,222.02,222.05,777.065
2025-10-10 01:31:00+00:00,222.05,222.06,221.81,221.81,859.454
2025-10-10 01:32:00+00:00,221.8,221.87,221.7,221.75,694.188
2025-10-10 01:33:00+00:00,221.75,221.79,221.75,221.78,653.223
2025-10-10 01:34:00+00:00,221.77,221.99,221.77,221.86,476.762
2025-10-10 01:35:00+00:00,221.85,221.85,221.57,221.57,873.205
2025-10-10 01:36:00+00:00,221.57,221.61,221.43,221.43,506.633
2025-10-10 01:37:00+00:00,221.43,221.44,221.34,221.34,993.878
2025-10-10 01:38:00+00:00,221.35,221.36,221.13,221.14,1759.56
2025-10-10 01:39:00+00:00,221.14,221.33,221.02,221.12,2862.178
2025-10-10 01:40:00+00:00,221.12,221.12,220.94,221.0,2152.747
2025-10-10 01:41:00+00:00,221.0,221.02,220.84,220.93,1189.888
2025-10-10 01:42:00+00:00,220.94,221.1,220.83,221.1,686.468
2025-10-10 01:43:00+00:00,221.09,221.09,221.02,221.06,477.006
2025-10-10 01:44:00+00:00,221.07,221.07,220.8,220.97,10296.758
2025-10-10 01:45:00+00:00,220.98,220.98,220.87,220.93,752.632
2025-10-10 01:46:00+00:00,220.94,221.02,220.91,221.0,593.543
2025-10-10 01:47:00+00:00,220.99,221.05,220.97,221.01,886.259
2025-10-10 01:48:00+00:00,221.01,221.02,220.91,220.92,821.898
2025-10-10 01:49:00+00:00,220.92,221.06,220.84,220.89,2739.251
2025-10-10 01:50:00+00:00,220.89,220.89,220.52,220.55,3234.95
2025-10-10 01:51:00+00:00,220.55,220.85,220.55,220.84,382.836
2025-10-10 01:52:00+00:00,220.84,221.2,220.84,221.14,1720.972
2025-10-10 01:53:00+00:00,221.15,221.2,220.92,220.94,1649.839
2025-10-10 01:54:00+00:00,220.93,220.96,220.87,220.94,1120.766
2025-10-10 01:55:00+00:00,220.95,221.06,220.87,220.88,916.272
2025-10-10 01:56:00+00:00,220.88,220.96,220.87,220.96,208.955
2025-10-10 01:57:00+00:00,220.96,220.96,220.88,220.9,397.412
2025-10-10 01:58:00+00:00,220.9,221.02,220.9,220.91,795.842
2025-10-10 01:59:00+00:00,220.9,221.03,220.8,220.97,958.836
2025-10-10 02:00:00+00:00,220.98,221.05,220.82,220.89,1314.243
2025-10-10 02:01:00+00:00,220.89,221.0,220.85,220.88,1079.813
2025-10-10 02:02:00+00:00,220.87,220.88,220.53,220.58,4185.357
2025-10-10 02:03:00+00:00,220.58,220.71,220.53,220.6,4395.345
2025-10-10 02:04:00+00:00,220.61,220.69,220.38,220.39,2763.883
2025-10-10 02:05:00+00:00,220.4,220.62,220.38,220.53,1905.514
2025-10-10 02:06:00+00:00,220.54,220.6,220.5,220.6,1103.911
2025-10-10 02:07:00+00:00,220.6,220.64,220.38,220.39,936.43
2025-10-10 02:08:00+00:00,220.39,220.47,220.33,220.33,1042.606
2025-10-10 02:09:00+00:00,220.33,220.72,220.33,220.72,1498.944
2025-10-10 02:10:00+00:00,220.72,220.76,220.6,220.62,990.335
2025-10-10 02:11:00+00:00,220.61,220.76,220.61,220.76,336.206
2025-10-10 02:12:00+00:00,220.75,220.76,220.53,220.53,839.449
2025-10-10 02:13:00+00:00,220.53,220.79,220.52,220.7,401.955
2025-10-10 02:14:00+00:00,220.7,220.74,220.7,220.73,351.821
2025-10-10 02:15:00+00:00,220.72,220.96,220.71,220.96,943.029
2025-10-10 02:16:00+00:00,220.96,221.31,220.95,221.28,2426.582
2025-10-10 02:17:00+00:00,221.29,221.35,221.16,221.31,701.071
2025-10-10 02:18:00+00:00,221.31,221.42,221.3,221.42,1343.9
2025-10-10 02:19:00+00:00,221.42,221.83,221.42,221.81,2146.21
2025-10-10 02:20:00+00:00,221.82,221.85,221.5,221.61,2126.822
2025-10-10 02:21:00+00:00,221.62,221.77,221.62,221.64,1266.161
2025-10-10 02:22:00+00:00,221.64,221.67,221.58,221.67,607.811
2025-10-10 02:23:00+00:00,221.66,221.75,221.65,221.75,730.857
2025-10-10 02:24:00+00:00,221.75,221.79,221.51,221.55,1002.772
2025-10-10 02:25:00+00:00,221.55,221.56,221.39,221.4,471.289
2025-10-10 02:26:00+00:00,221.4,221.42,221.25,221.28,904.013
2025-10-10 02:27:00+00:00,221.27,221.28,221.09,221.25,1273.675
2025-10-10 02:28:00+00:00,221.25,221.26,221.11,221.11,625.725
2025-10-10 02:29:00+00:00,221.12,221.12,221.11,221.11,85.122
2025-10-10 02:30:00+00:00,221.12,221.23,221.06,221.06,1193.241
2025-10-10 02:31:00+00:00,221.07,221.07,220.81,220.81,1244.834
2025-10-10 02:32:00+00:00,220.81,220.84,220.0,220.45,20167.297
2025-10-10 02:33:00+00:00,220.44,220.47,220.41,220.44,960.225
2025-10-10 02:34:00+00:00,220.43,220.48,220.37,220.46,510.644
2025-10-10 02:35:00+00:00,220.45,220.53,220.39,220.47,784.713
2025-10-10 02:36:00+00:00,220.48,220.49,220.38,220.42,1237.549
2025-10-10 02:37:00+00:00,220.43,220.51,220.4,220.48,437.428
2025-10-10 02:38:00+00:00,220.49,220.59,220.43,220.59,1426.152
2025-10-10 02:39:00+00:00,220.6,220.81,220.6,220.77,1069.164
2025-10-10 02:40:00+00:00,220.78,220.83,220.71,220.77,1396.952
2025-10-10 02:41:00+00:00,220.78,220.78,220.7,220.72,504.788
2025-10-10 02:42:00+00:00,220.72,220.9,220.72,220.79,779.972
2025-10-10 02:43:00+00:00,220.8,220.87,220.6,220.66,1433.32
2025-10-10 02:44:00+00:00,220.65,220.73,220.56,220.62,860.254
2025-10-10 02:45:00+00:00,220.63,220.65,220.63,220.65,117.813
2025-10-10 02:46:00+00:00,220.65,220.65,220.29,220.34,956.847
2025-10-10 02:47:00+00:00,220.34,220.4,220.3,220.39,632.343
2025-10-10 02:48:00+00:00,220.4,220.65,220.37,220.57,1122.808
2025-10-10 02:49:00+00:00,220.56,220.58,220.46,220.47,3089.285
2025-10-10 02:50:00+00:00,220.47,220.56,220.35,220.52,1363.517
2025-10-10 02:51:00+00:00,220.53,220.55,220.27,220.28,728.58
2025-10-10 02:52:00+00:00,220.29,220.39,219.98,219.99,2987.775
2025-10-10 02:53:00+00:00,219.99,220.12,219.87,220.1,3396.922
2025-10-10 02:54:00+00:00,220.11,220.28,220.0,220.28,1075.827
2025-10-10 02:55:00+00:00,220.28,220.48,220.26,220.4,1272.491
2025-10-10 02:56:00+00:00,220.41,220.53,220.19,220.25,1537.551
2025-10-10 02:57:00+00:00,220.25,220.3,220.19,220.29,314.036
2025-10-10 02:58:00+00:00,220.29,220.31,220.25,220.31,683.221
2025-10-10 02:59:00+00:00,220.31,220.34,220.31,220.33,538.455
2025-10-10 03:00:00+00:00,220.34,220.5,220.33,220.42,880.841
2025-10-10 03:01:00+00:00,220.42,220.47,220.22,220.22,466.034
2025-10-10 03:02:00+00:00,220.21,220.21,220.01,220.02,959.29
2025-10-10 03:03:00+00:00,220.01,220.02,219.74,219.78,2282.146
2025-10-10 03:04:00+00:00,219.77,219.79,219.5,219.58,5284.463
2025-10-10 03:05:00+00:00,219.59,219.9,219.5,219.9,1525.605
2025-10-10 03:06:00+00:00,219.91,220.07,219.85,219.97,1463.858
2025-10-10 03:07:00+00:00,219.97,219.97,219.74,219.88,2005.126
2025-10-10 03:08:00+00:00,219.88,219.88,219.76,219.81,616.823
2025-10-10 03:09:00+00:00,219.8,219.86,219.76,219.86,483.938
2025-10-10 03:10:00+00:00,219.85,219.93,219.78,219.83,1385.575
2025-10-10 03:11:00+00:00,219.82,219.9,219.62,219.89,1641.188
2025-10-10 03:12:00+00:00,219.89,220.08,219.89,220.08,274.382
2025-10-10 03:13:00+00:00,220.08,220.08,219.85,219.88,717.976
2025-10-10 03:14:00+00:00,219.88,219.97,219.73,219.96,769.899
2025-10-10 03:15:00+00:00,219.96,220.2,219.96,220.02,1379.158
2025-10-10 03:16:00+00:00,220.02,220.03,219.84,219.96,417.774
2025-10-10 03:17:00+00:00,219.97,220.14,219.96,220.14,1377.077
2025-10-10 03:18:00+00:00,220.15,220.28,220.13,220.24,1708.666
2025-10-10 03:19:00+00:00,220.24,220.53,220.22,220.49,1405.444
2025-10-10 03:20:00+00:00,220.5,221.11,220.5,220.98,2873.906
2025-10-10 03:21:00+00:00,220.98,221.21,220.97,221.2,1457.02
2025-10-10 03:22:00+00:00,221.21,221.29,220.97,221.0,2292.348
2025-10-10 03:23:00+00:00,220.99,221.08,220.98,220.98,377.792
2025-10-10 03:24:00+00:00,220.98,221.29,220.82,221.29,808.466
2025-10-10 03:25:00+00:00,221.28,221.31,221.22,221.26,902.715
2025-10-10 03:26:00+00:00,221.26,221.49,221.06,221.06,2446.014
2025-10-10 03:27:00+00:00,221.06,221.27,220.98,221.21,1806.344
2025-10-10 03:28:00+00:00,221.2,221.54,221.12,221.4,2518.108
2025-10-10 03:29:00+00:00,221.4,221.62,221.4,221.6,1704.387
2025-10-10 03:30:00+00:00,221.6,222.08,221.6,221.92,4129.018
2025-10-10 03:31:00+00:00,221.93,222.38,221.93,222.38,8040.77
2025-10-10 03:32:00+00:00,222.38,222.42,221.95,221.97,2177.487
2025-10-10 03:33:00+00:00,221.98,222.29,221.98,222.07,1862.56
2025-10-10 03:34:00+00:00,222.07,222.44,222.07,222.25,4230.211
2025-10-10 03:35:00+00:00,222.25,222.62,222.25,222.38,6133.893
2025-10-10 03:36:00+00:00,222.39,222.55,222.26,222.49,1381.145
2025-10-10 03:37:00+00:00,222.49,222.69,222.4,222.52,3144.282
2025-10-10 03:38:00+00:00,222.53,222.56,222.33,222.39,1481.494
2025-10-10 03:39:00+00:00,222.38,222.42,222.29,222.36,2365.858
2025-10-10 03:40:00+00:00,222.36,222.36,222.11,222.25,2133.801
2025-10-10 03:41:00+00:00,222.26,222.34,222.22,222.33,1097.262
2025-10-10 03:42:00+00:00,222.34,222.5,222.24,222.31,1330.264
2025-10-10 03:43:00+00:00,222.32,222.4,222.28,222.32,771.699
2025-10-10 03:44:00+00:00,222.32,222.51,222.3,222.49,1020.285
2025-10-10 03:45:00+00:00,222.5,222.77,222.5,222.69,2926.923
2025-10-10 03:46:00+00:00,222.69,222.81,222.6,222.76,3462.283
2025-10-10 03:47:00+00:00,222.77,222.87,222.73,222.8,1509.117
2025-10-10 03:48:00+00:00,222.8,222.8,222.44,222.56,3184.642
2025-10-10 03:49:00+00:00,222.56,222.57,222.36,222.42,1075.618
2025-10-10 03:50:00+00:00,222.41,222.41,222.15,222.2,2182.986
2025-10-10 03:51:00+00:00,222.21,222.22,221.94,222.02,1732.0
2025-10-10 03:52:00+00:00,222.02,222.05,221.73,221.74,2027.143
2025-10-10 03:53:00+00:00,221.75,221.95,221.67,221.76,1419.229
2025-10-10 03:54:00+00:00,221.77,221.78,221.55,221.57,1681.075
2025-10-10 03:55:00+00:00,221.58,221.59,221.17,221.32,2687.331
2025-10-10 03:56:00+00:00,221.32,221.6,221.18,221.5,2040.375
2025-10-10 03:57:00+00:00,221.5,221.66,221.35,221.66,1821.295
2025-10-10 03:58:00+00:00,221.66,221.81,221.65,221.76,1024.343
2025-10-10 03:59:00+00:00,221.77,221.77,221.64,221.65,467.276
2025-10-10 04:00:00+00:00,221.64,222.07,221.58,221.83,2394.386
2025-10-10 04:01:00+00:00,221.84,222.18,221.84,222.01,3277.148
2025-10-10 04:02:00+00:00,222.01,222.01,221.66,221.99,654.51
2025-10-10 04:03:00+00:00,221.98,222.11,221.87,222.06,1173.881
2025-10-10 04:04:00+00:00,222.06,222.2,222.06,222.13,1729.196
2025-10-10 04:05:00+00:00,222.13,222.55,222.12,222.44,2747.117
2025-10-10 04:06:00+00:00,222.44,222.52,222.37,222.48,2089.057
2025-10-10 04:07:00+00:00,222.49,222.63,222.49,222.63,452.049
2025-10-10 04:08:00+00:00,222.64,222.9,222.63,222.65,4177.51
2025-10-10 04:09:00+00:00,222.65,222.87,222.65,222.71,1002.66
2025-10-10 04:10:00+00:00,222.7,222.71,222.5,222.63,1087.362
2025-10-10 04:11:00+00:00,222.63,222.69,222.44,222.52,2851.518
2025-10-10 04:12:00+00:00,222.53,222.65,222.49,222.59,1036.235
2025-10-10 04:13:00+00:00,222.59,222.69,222.47,222.64,2020.287
2025-10-10 04:14:00+00:00,222.65,222.83,222.57,222.7,1364.194
2025-10-10 04:15:00+00:00,222.7,222.76,222.63,222.71,766.688
2025-10-10 04:16:00+00:00,222.72,222.72,222.45,222.47,1184.927
2025-10-10 04:17:00+00:00,222.47,222.64,222.31,222.44,2106.567
2025-10-10 04:18:00+00:00,222.45,222.45,222.26,222.36,1442.29
2025-10-10 04:19:00+00:00,222.36,222.39,222.16,222.27,1767.231
2025-10-10 04:20:00+00:00,222.27,222.41,222.22,222.4,995.235
2025-10-10 04:21:00+00:00,222.4,222.5,222.29,222.35,1485.279
2025-10-10 04:22:00+00:00,222.36,222.56,222.33,222.48,2002.697
2025-10-10 04:23:00+00:00,222.48,222.48,222.22,222.25,1349.75
2025-10-10 04:24:00+00:00,222.26,222.39,222.07,222.07,2737.058
2025-10-10 04:25:00+00:00,222.07,222.09,221.88,222.02,2734.618
2025-10-10 04:26:00+00:00,222.03,222.16,222.02,222.13,656.38
2025-10-10 04:27:00+00:00,222.13,222.13,221.89,221.9,1473.784
2025-10-10 04:28:00+00:00,221.9,222.01,221.88,221.97,1823.322
2025-10-10 04:29:00+00:00,221.97,222.07,221.88,221.89,1421.047
2025-10-10 04:30:00+00:00,221.9,222.04,221.88,221.91,1802.538
2025-10-10 04:31:00+00:00,221.92,222.22,221.82,222.21,2440.499
2025-10-10 04:32:00+00:00,222.2,222.34,222.06,222.07,1923.472
2025-10-10 04:33:00+00:00,222.07,222.09,221.46,221.48,7542.302
2025-10-10 04:34:00+00:00,221.47,221.61,221.42,221.6,785.063
2025-10-10 04:35:00+00:00,221.6,221.6,221.29,221.29,1241.045
2025-10-10 04:36:00+00:00,221.29,221.3,220.88,221.02,4483.576
2025-10-10 04:37:00+00:00,221.01,221.07,220.89,220.99,1398.804
2025-10-10 04:38:00+00:00,220.99,221.07,220.94,220.94,1011.153
2025-10-10 04:39:00+00:00,220.94,221.19,220.89,221.15,2274.137
2025-10-10 04:40:00+00:00,221.15,221.19,220.97,221.19,1614.675
2025-10-10 04:41:00+00:00,221.2,221.23,221.03,221.15,1340.317
2025-10-10 04:42:00+00:00,221.15,221.3,221.05,221.3,992.624
2025-10-10 04:43:00+00:00,221.29,221.53,221.29,221.34,2395.9
2025-10-10 04:44:00+00:00,221.33,221.51,221.32,221.46,2525.352
2025-10-10 04:45:00+00:00,221.45,221.48,221.19,221.27,3973.48
2025-10-10 04:46:00+00:00,221.26,221.46,221.22,221.26,2152.283
2025-10-10 04:47:00+00:00,221.26,221.34,221.21,221.21,582.113
2025-10-10 04:48:00+00:00,221.2,221.2,220.94,221.04,1523.255
2025-10-10 04:49:00+00:00,221.04,221.2,221.04,221.19,1150.153
2025-10-10 04:50:00+00:00,221.19,221.23,221.05,221.13,2585.765
2025-10-10 04:51:00+00:00,221.14,221.24,221.12,221.16,744.047
2025-10-10 04:52:00+00:00,221.16,221.23,221.11,221.2,1412.952
2025-10-10 04:53:00+00:00,221.2,221.39,221.2,221.29,675.212
2025-10-10 04:54:00+00:00,221.29,221.3,221.21,221.26,589.806
2025-10-10 04:55:00+00:00,221.27,221.3,221.01,221.09,1624.682
2025-10-10 04:56:00+00:00,221.09,221.13,221.02,221.04,679.305
2025-10-10 04:57:00+00:00,221.04,221.27,221.02,221.21,1069.309
2025-10-10 04:58:00+00:00,221.2,221.23,221.13,221.23,1209.98
2025-10-10 04:59:00+00:00,221.22,221.23,221.17,221.22,583.394
2025-10-10 05:00:00+00:00,221.23,221.28,221.1,221.15,1539.403
2025-10-10 05:01:00+00:00,221.15,221.2,221.05,221.05,742.035
2025-10-10 05:02:00+00:00,221.06,221.06,220.91,220.92,1813.569
2025-10-10 05:03:00+00:00,220.91,220.92,220.76,220.76,2473.141
2025-10-10 05:04:00+00:00,220.76,220.76,220.56,220.58,1585.223
2025-10-10 05:05:00+00:00,220.57,220.57,220.23,220.37,3480.546
2025-10-10 05:06:00+00:00,220.37,220.47,220.04,220.47,2780.032
2025-10-10 05:07:00+00:00,220.47,220.75,220.28,220.75,1173.518
2025-10-10 05:08:00+00:00,220.75,220.75,220.6,220.72,1227.875
2025-10-10 05:09:00+00:00,220.73,220.73,220.52,220.7,2530.505
2025-10-10 05:10:00+00:00,220.7,220.71,220.56,220.66,1221.488
2025-10-10 05:11:00+00:00,220.66,220.71,220.46,220.48,1226.617
2025-10-10 05:12:00+00:00,220.49,220.6,220.46,220.49,2199.494
2025-10-10 05:13:00+00:00,220.48,220.68,220.48,220.65,1721.456
2025-10-10 05:14:00+00:00,220.65,220.68,220.42,220.42,1402.088
2025-10-10 05:15:00+00:00,220.43,220.72,220.36,220.64,1002.942
2025-10-10 05:16:00+00:00,220.64,220.73,220.47,220.47,738.498
2025-10-10 05:17:00+00:00,220.47,220.75,220.47,220.68,1695.306
2025-10-10 05:18:00+00:00,220.69,220.72,220.61,220.62,645.893
2025-10-10 05:19:00+00:00,220.63,220.66,220.53,220.61,1228.296
2025-10-10 05:20:00+00:00,220.62,220.76,220.53,220.76,1302.479
2025-10-10 05:21:00+00:00,220.76,220.9,220.69,220.76,2115.766
2025-10-10 05:22:00+00:00,220.76,220.78,220.61,220.7,1878.086
2025-10-10 05:23:00+00:00,220.7,221.08,220.69,221.03,2505.102
2025-10-10 05:24:00+00:00,221.02,221.12,220.7,221.12,2600.075
2025-10-10 05:25:00+00:00,221.13,221.35,221.05,221.08,2531.461
2025-10-10 05:26:00+00:00,221.09,221.34,221.02,221.03,2493.221
2025-10-10 05:27:00+00:00,221.04,221.08,220.88,220.99,1210.572
2025-10-10 05:28:00+00:00,220.98,221.06,220.9,220.97,1068.645
2025-10-10 05:29:00+00:00,220.98,221.06,220.98,220.98,366.958
2025-10-10 05:30:00+00:00,220.99,221.02,220.81,220.81,600.22
2025-10-10 05:31:00+00:00,220.82,220.93,220.66,220.86,2060.115
2025-10-10 05:32:00+00:00,220.86,220.86,220.41,220.42,1517.088
2025-10-10 05:33:00+00:00,220.41,220.67,220.38,220.57,2050.329
2025-10-10 05:34:00+00:00,220.56,220.65,220.38,220.41,1575.333
2025-10-10 05:35:00+00:00,220.4,220.58,220.38,220.55,1137.454
2025-10-10 05:36:00+00:00,220.55,220.6,220.39,220.58,797.689
2025-10-10 05:37:00+00:00,220.58,220.6,220.45,220.52,950.885
2025-10-10 05:38:00+00:00,220.52,220.65,220.51,220.58,560.581
2025-10-10 05:39:00+00:00,220.57,220.64,220.56,220.6,162.437
2025-10-10 05:40:00+00:00,220.6,220.83,220.59,220.83,375.877
2025-10-10 05:41:00+00:00,220.84,220.94,220.79,220.92,465.502
2025-10-10 05:42:00+00:00,220.93,221.02,220.93,220.95,828.215
2025-10-10 05:43:00+00:00,220.96,221.08,220.96,221.04,621.859
2025-10-10 05:44:00+00:00,221.03,221.06,220.96,220.98,1536.36
2025-10-10 05:45:00+00:00,220.99,221.11,220.94,221.11,1643.303
2025-10-10 05:46:00+00:00,221.12,221.49,221.12,221.34,2510.79
2025-10-10 05:47:00+00:00,221.35,221.39,221.11,221.14,1045.868
2025-10-10 05:48:00+00:00,221.13,221.35,221.05,221.35,957.396
2025-10-10 05:49:00+00:00,221.35,221.36,221.06,221.1,1234.615
2025-10-10 05:50:00+00:00,221.1,221.27,221.08,221.25,1043.533
2025-10-10 05:51:00+00:00,221.25,221.33,221.12,221.15,1700.608
2025-10-10 05:52:00+00:00,221.15,221.2,221.07,221.19,1013.614
2025-10-10 05:53:00+00:00,221.19,221.4,221.18,221.38,882.706
2025-10-10 05:54:00+00:00,221.38,221.75,221.37,221.73,2194.517
2025-10-10 05:55:00+00:00,221.72,221.8,221.53,221.55,1317.857
2025-10-10 05:56:00+00:00,221.55,221.69,221.53,221.61,826.658
2025-10-10 05:57:00+00:00,221.6,221.69,221.56,221.68,867.999
2025-10-10 05:58:00+00:00,221.67,221.68,221.55,221.58,714.31
2025-10-10 05:59:00+00:00,221.57,221.69,221.54,221.68,757.896
2025-10-10 06:00:00+00:00,221.68,221.93,221.58,221.84,1707.699
2025-10-10 06:01:00+00:00,221.84,221.84,221.69,221.72,1017.29
2025-10-10 06:02:00+00:00,221.71,222.02,221.7,222.01,976.378
2025-10-10 06:03:00+00:00,222.0,222.01,221.81,222.0,851.923
2025-10-10 06:04:00+00:00,221.99,222.19,221.95,222.14,1997.567
2025-10-10 06:05:00+00:00,222.13,222.35,222.13,222.26,2988.446
2025-10-10 06:06:00+00:00,222.26,222.3,222.13,222.17,1211.623
2025-10-10 06:07:00+00:00,222.17,222.31,222.14,222.26,757.277
2025-10-10 06:08:00+00:00,222.25,222.37,222.14,222.37,1053.226
2025-10-10 06:09:00+00:00,222.38,222.43,222.05,222.09,1565.868
2025-10-10 06:10:00+00:00,222.08,222.15,221.96,221.98,1300.962
2025-10-10 06:11:00+00:00,221.98,221.98,221.74,221.8,1438.191
2025-10-10 06:12:00+00:00,221.81,221.95,221.8,221.93,857.47
2025-10-10 06:13:00+00:00,221.92,222.0,221.79,221.84,1010.571
2025-10-10 06:14:00+00:00,221.84,221.99,221.72,221.88,1594.639
2025-10-10 06:15:00+00:00,221.88,222.18,221.88,222.05,1350.538
2025-10-10 06:16:00+00:00,222.05,222.14,221.88,221.88,1396.649
2025-10-10 06:17:00+00:00,221.89,222.04,221.88,221.93,1793.034
2025-10-10 06:18:00+00:00,221.93,222.15,221.9,222.11,1143.203
2025-10-10 06:19:00+00:00,222.12,222.12,221.81,221.81,830.607
2025-10-10 06:20:00+00:00,221.81,221.81,221.61,221.65,958.071
2025-10-10 06:21:00+00:00,221.66,221.7,221.57,221.57,2114.461
2025-10-10 06:22:00+00:00,221.57,221.72,221.56,221.7,1608.357
2025-10-10 06:23:00+00:00,221.7,221.7,221.53,221.61,838.451
2025-10-10 06:24:00+00:00,221.61,221.61,221.5,221.58,788.869
2025-10-10 06:25:00+00:00,221.58,221.58,221.5,221.55,700.641
2025-10-10 06:26:00+00:00,221.55,221.58,221.45,221.46,783.678
2025-10-10 06:27:00+00:00,221.46,221.63,221.46,221.55,878.217
2025-10-10 06:28:00+00:00,221.56,221.6,221.32,221.32,1475.484
2025-10-10 06:29:00+00:00,221.33,221.33,221.12,221.22,1293.464
2025-10-10 06:30:00+00:00,221.23,221.48,221.2,221.35,981.435
2025-10-10 06:31:00+00:00,221.35,221.48,221.28,221.28,1117.553
2025-10-10 06:32:00+00:00,221.27,221.27,221.05,221.08,1734.199
2025-10-10 06:33:00+00:00,221.09,221.2,221.02,221.19,1116.417
2025-10-10 06:34:00+00:00,221.18,221.48,221.18,221.48,948.364
2025-10-10 06:35:00+00:00,221.48,221.48,221.1,221.15,2026.756
2025-10-10 06:36:00+00:00,221.14,221.14,220.82,220.83,1690.827
2025-10-10 06:37:00+00:00,220.82,220.95,220.65,220.65,2735.356
2025-10-10 06:38:00+00:00,220.64,220.76,220.48,220.65,1451.605
2025-10-10 06:39:00+00:00,220.64,220.81,220.52,220.81,1193.02
2025-10-10 06:40:00+00:00,220.82,220.93,220.71,220.89,789.544
2025-10-10 06:41:00+00:00,220.89,221.09,220.89,221.07,883.512
2025-10-10 06:42:00+00:00,221.08,221.15,221.05,221.1,550.028
2025-10-10 06:43:00+00:00,221.1,221.11,220.96,220.98,1134.623
2025-10-10 06:44:00+00:00,220.98,220.99,220.8,220.99,571.623
2025-10-10 06:45:00+00:00,221.0,221.26,220.98,221.26,1673.771
2025-10-10 06:46:00+00:00,221.26,221.4,221.12,221.13,1295.599
2025-10-10 06:47:00+00:00,221.13,221.2,220.97,221.0,942.001
2025-10-10 06:48:00+00:00,221.0,221.01,220.72,220.73,922.486
2025-10-10 06:49:00+00:00,220.74,220.74,220.38,220.38,1794.99
2025-10-10 06:50:00+00:00,220.39,220.51,220.0,220.0,3534.848
2025-10-10 06:51:00+00:00,220.0,220.01,219.56,219.78,6713.785
2025-10-10 06:52:00+00:00,219.77,219.77,219.55,219.56,4147.46
2025-10-10 06:53:00+00:00,219.56,219.84,219.32,219.81,4121.921
2025-10-10 06:54:00+00:00,219.81,219.86,219.73,219.75,1415.483
2025-10-10 06:55:00+00:00,219.74,219.82,219.6,219.6,1102.558
2025-10-10 06:56:00+00:00,219.6,219.72,219.57,219.61,966.96
2025-10-10 06:57:00+00:00,219.6,219.73,219.6,219.61,860.166
2025-10-10 06:58:00+00:00,219.62,219.75,219.58,219.58,5757.526
2025-10-10 06:59:00+00:00,219.57,219.57,219.39,219.39,1649.963
2025-10-10 07:00:00+00:00,219.39,219.56,219.25,219.54,6973.632
2025-10-10 07:01:00+00:00,219.55,219.56,218.92,218.92,10033.064
2025-10-10 07:02:00+00:00,218.92,219.12,218.9,219.03,7614.143
2025-10-10 07:03:00+00:00,219.03,219.12,219.0,219.08,1113.739
2025-10-10 07:04:00+00:00,219.07,219.14,218.83,218.96,2004.618
2025-10-10 07:05:00+00:00,218.95,219.07,218.83,218.9,996.741
2025-10-10 07:06:00+00:00,218.89,218.9,218.54,218.68,5043.876
2025-10-10 07:07:00+00:00,218.68,218.68,218.37,218.48,4764.451
2025-10-10 07:08:00+00:00,218.48,218.48,218.2,218.21,2577.668
2025-10-10 07:09:00+00:00,218.21,218.74,218.2,218.68,5023.597
2025-10-10 07:10:00+00:00,218.69,218.85,218.65,218.85,1416.394
2025-10-10 07:11:00+00:00,218.84,218.89,218.7,218.76,1804.852
2025-10-10 07:12:00+00:00,218.75,218.84,218.68,218.82,1274.561
2025-10-10 07:13:00+00:00,218.82,218.86,218.71,218.74,934.877
2025-10-10 07:14:00+00:00,218.74,218.92,218.72,218.81,1118.632
2025-10-10 07:15:00+00:00,218.82,218.83,218.53,218.53,1695.059
2025-10-10 07:16:00+00:00,218.53,218.58,218.33,218.33,2103.66
2025-10-10 07:17:00+00:00,218.33,218.43,218.23,218.29,3822.543
2025-10-10 07:18:00+00:00,218.3,218.3,218.06,218.28,2945.844
2025-10-10 07:19:00+00:00,218.28,218.59,218.24,218.58,4150.045
2025-10-10 07:20:00+00:00,218.57,218.7,218.49,218.52,3466.474
2025-10-10 07:21:00+00:00,218.52,218.75,218.52,218.56,585.491
2025-10-10 07:22:00+00:00,218.56,218.58,218.26,218.26,1384.454
2025-10-10 07:23:00+00:00,218.25,218.33,218.18,218.33,883.96
2025-10-10 07:24:00+00:00,218.33,218.33,218.16,218.17,1286.484
2025-10-10 07:25:00+00:00,218.17,218.23,218.01,218.07,1057.764
2025-10-10 07:26:00+00:00,218.06,218.5,218.0,218.5,2972.102
2025-10-10 07:27:00+00:00,218.49,218.71,218.46,218.6,1005.964
2025-10-10 07:28:00+00:00,218.61,218.74,218.6,218.67,654.116
2025-10-10 07:29:00+00:00,218.66,218.85,218.6,218.61,1602.409
2025-10-10 07:30:00+00:00,218.61,218.79,218.58,218.73,1618.784
2025-10-10 07:31:00+00:00,218.73,218.75,218.33,218.34,1252.793
2025-10-10 07:32:00+00:00,218.35,218.58,218.34,218.44,1522.375
2025-10-10 07:33:00+00:00,218.45,218.5,218.34,218.37,1036.309
2025-10-10 07:34:00+00:00,218.37,218.56,218.17,218.45,2010.819
2025-10-10 07:35:00+00:00,218.46,218.6,218.42,218.51,930.994
2025-10-10 07:36:00+00:00,218.51,218.79,218.48,218.79,1190.878
2025-10-10 07:37:00+00:00,218.78,218.85,218.7,218.72,991.252
2025-10-10 07:38:00+00:00,218.72,218.89,218.68,218.77,2049.638
2025-10-10 07:39:00+00:00,218.77,218.93,218.71,218.92,609.062
2025-10-10 07:40:00+00:00,218.93,219.08,218.92,219.08,1308.259
2025-10-10 07:41:00+00:00,219.08,219.23,219.07,219.23,1228.977
2025-10-10 07:42:00+00:00,219.23,219.23,219.16,219.18,1043.759
2025-10-10 07:43:00+00:00,219.19,219.25,219.16,219.23,835.329
2025-10-10 07:44:00+00:00,219.23,219.3,219.13,219.13,940.459
2025-10-10 07:45:00+00:00,219.14,219.14,218.94,219.05,1841.375
2025-10-10 07:46:00+00:00,219.05,219.05,218.63,218.63,3758.571
2025-10-10 07:47:00+00:00,218.63,218.89,218.5,218.77,1426.283
2025-10-10 07:48:00+00:00,218.77,218.82,218.65,218.82,1406.063
2025-10-10 07:49:00+00:00,218.81,218.82,218.7,218.77,1154.817
2025-10-10 07:50:00+00:00,218.76,218.86,218.67,218.7,1341.986
2025-10-10 07:51:00+00:00,218.71,218.75,218.55,218.62,1198.107
2025-10-10 07:52:00+00:00,218.61,218.91,218.58,218.73,2013.049
2025-10-10 07:53:00+00:00,218.73,218.88,218.65,218.86,966.812
2025-10-10 07:54:00+00:00,218.86,218.95,218.73,218.74,1242.561
2025-10-10 07:55:00+00:00,218.74,218.92,218.74,218.8,961.342
2025-10-10 07:56:00+00:00,218.8,218.85,218.48,218.49,1448.363
2025-10-10 07:57:00+00:00,218.48,218.49,218.22,218.32,2840.711
2025-10-10 07:58:00+00:00,218.31,218.31,218.0,218.0,2785.541
2025-10-10 07:59:00+00:00,218.0,218.13,217.92,218.12,4027.156
2025-10-10 08:00:00+00:00,218.13,218.17,217.93,218.0,3599.987
2025-10-10 08:01:00+00:00,218.0,218.39,217.99,218.39,3194.728
2025-10-10 08:02:00+00:00,218.38,218.71,218.32,218.54,22356.008
2025-10-10 08:03:00+00:00,218.54,218.57,218.05,218.06,5508.329
2025-10-10 08:04:00+00:00,218.06,218.06,217.69,217.75,8791.756
2025-10-10 08:05:00+00:00,217.75,217.75,217.4,217.72,6230.651
2025-10-10 08:06:00+00:00,217.73,218.09,217.73,217.99,2028.461
2025-10-10 08:07:00+00:00,217.98,218.0,217.59,217.84,5609.627
2025-10-10 08:08:00+00:00,217.84,218.04,217.74,217.87,1279.334
2025-10-10 08:09:00+00:00,217.87,217.92,217.71,217.84,2507.092
2025-10-10 08:10:00+00:00,217.83,218.13,217.76,218.12,1552.411
2025-10-10 08:11:00+00:00,218.13,218.41,218.11,218.41,15301.081
2025-10-10 08:12:00+00:00,218.41,218.41,218.06,218.2,1186.426
2025-10-10 08:13:00+00:00,218.2,218.42,218.19,218.4,529.861
2025-10-10 08:14:00+00:00,218.39,218.5,218.34,218.44,1616.704
2025-10-10 08:15:00+00:00,218.45,218.84,218.44,218.81,6298.072
2025-10-10 08:16:00+00:00,218.82,219.08,218.7,218.7,1824.506
2025-10-10 08:17:00+00:00,218.7,219.03,218.7,218.94,682.285
2025-10-10 08:18:00+00:00,218.95,219.07,218.87,218.97,983.916
2025-10-10 08:19:00+00:00,218.98,219.01,218.8,218.94,622.204
2025-10-10 08:20:00+00:00,218.94,218.94,218.81,218.89,493.853
2025-10-10 08:21:00+00:00,218.9,218.93,218.68,218.73,419.401
2025-10-10 08:22:00+00:00,218.72,218.82,218.67,218.82,572.804
2025-10-10 08:23:00+00:00,218.81,218.86,218.75,218.82,566.529
2025-10-10 08:24:00+00:00,218.82,219.06,218.82,219.04,828.548
2025-10-10 08:25:00+00:00,219.04,219.08,218.93,218.94,185.501
2025-10-10 08:26:00+00:00,218.94,218.94,218.81,218.88,259.574
2025-10-10 08:27:00+00:00,218.88,219.15,218.86,219.14,935.38
2025-10-10 08:28:00+00:00,219.14,219.41,219.14,219.28,3390.786
2025-10-10 08:29:00+00:00,219.29,219.29,219.04,219.05,304.476
2025-10-10 08:30:00+00:00,219.04,219.16,219.0,219.16,616.02
2025-10-10 08:31:00+00:00,219.16,219.3,219.09,219.11,640.851
2025-10-10 08:32:00+00:00,219.11,219.15,218.74,218.78,1987.5
2025-10-10 08:33:00+00:00,218.78,218.78,218.7,218.7,907.156
2025-10-10 08:34:00+00:00,218.71,218.77,218.58,218.65,667.058
2025-10-10 08:35:00+00:00,218.64,218.76,218.58,218.71,694.186
2025-10-10 08:36:00+00:00,218.7,218.85,218.63,218.85,529.444
2025-10-10 08:37:00+00:00,218.84,218.86,218.71,218.84,655.435
2025-10-10 08:38:00+00:00,218.83,218.97,218.75,218.95,471.874
2025-10-10 08:39:00+00:00,218.94,219.0,218.77,218.97,494.659
2025-10-10 08:40:00+00:00,218.96,219.05,218.86,218.87,648.183
2025-10-10 08:41:00+00:00,218.86,218.86,218.45,218.45,2149.231
2025-10-10 08:42:00+00:00,218.45,218.53,218.4,218.46,1272.804
2025-10-10 08:43:00+00:00,218.45,218.61,218.37,218.45,430.823
2025-10-10 08:44:00+00:00,218.45,218.63,218.4,218.55,900.225
2025-10-10 08:45:00+00:00,218.55,218.89,218.55,218.85,616.783
2025-10-10 08:46:00+00:00,218.86,218.96,218.81,218.82,505.138
2025-10-10 08:47:00+00:00,218.82,218.94,218.77,218.86,796.673
2025-10-10 08:48:00+00:00,218.87,218.94,218.78,218.78,878.183
2025-10-10 08:49:00+00:00,218.79,218.84,218.66,218.7,563.352
2025-10-10 08:50:00+00:00,218.71,219.08,218.71,219.07,955.297
2025-10-10 08:51:00+00:00,219.08,219.24,219.07,219.21,820.725
2025-10-10 08:52:00+00:00,219.22,219.25,219.14,219.23,660.162
2025-10-10 08:53:00+00:00,219.23,219.36,219.17,219.34,1175.989
2025-10-10 08:54:00+00:00,219.35,219.38,219.24,219.31,740.807
2025-10-10 08:55:00+00:00,219.31,219.82,219.31,219.77,4550.531
2025-10-10 08:56:00+00:00,219.77,219.96,219.72,219.9,821.154
2025-10-10 08:57:00+00:00,219.9,220.01,219.82,219.95,6157.11
2025-10-10 08:58:00+00:00,219.95,220.03,219.83,219.93,9072.623
2025-10-10 08:59:00+00:00,219.93,220.1,219.92,220.06,2845.532
2025-10-10 09:00:00+00:00,220.07,220.1,219.84,219.91,14652.254
2025-10-10 09:01:00+00:00,219.91,220.03,219.64,219.81,5573.444
2025-10-10 09:02:00+00:00,219.81,219.81,219.57,219.62,1346.49
2025-10-10 09:03:00+00:00,219.62,219.87,219.6,219.84,1033.058
2025-10-10 09:04:00+00:00,219.83,219.92,219.64,219.64,867.978
2025-10-10 09:05:00+00:00,219.64,219.73,219.56,219.67,900.944
2025-10-10 09:06:00+00:00,219.68,219.76,219.38,219.38,1166.309
2025-10-10 09:07:00+00:00,219.37,219.56,219.36,219.45,512.596
2025-10-10 09:08:00+00:00,219.44,219.44,219.32,219.32,271.75
2025-10-10 09:09:00+00:00,219.33,219.33,219.26,219.28,571.764
2025-10-10 09:10:00+00:00,219.27,219.27,219.11,219.18,2321.904
2025-10-10 09:11:00+00:00,219.17,219.54,219.14,219.51,684.577
2025-10-10 09:12:00+00:00,219.51,219.54,219.3,219.3,765.907
2025-10-10 09:13:00+00:00,219.31,219.67,219.31,219.45,1970.444
2025-10-10 09:14:00+00:00,219.44,219.44,219.35,219.35,409.832
2025-10-10 09:15:00+00:00,219.34,219.93,219.33,219.67,12903.643
2025-10-10 09:16:00+00:00,219.68,219.68,219.47,219.49,1191.68
2025-10-10 09:17:00+00:00,219.49,219.81,219.42,219.8,1339.803
2025-10-10 09:18:00+00:00,219.81,219.84,219.54,219.56,1275.313
2025-10-10 09:19:00+00:00,219.55,219.55,219.21,219.3,859.932
2025-10-10 09:20:00+00:00,219.3,219.37,219.25,219.34,779.851
2025-10-10 09:21:00+00:00,219.35,219.56,219.29,219.55,711.591
2025-10-10 09:22:00+00:00,219.56,219.72,219.51,219.69,842.745
2025-10-10 09:23:00+00:00,219.69,219.72,219.66,219.71,465.997
2025-10-10 09:24:00+00:00,219.71,219.84,219.65,219.84,658.063
2025-10-10 09:25:00+00:00,219.84,219.98,219.82,219.86,1321.732
2025-10-10 09:26:00+00:00,219.86,220.3,219.86,220.3,2825.818
2025-10-10 09:27:00+00:00,220.29,220.57,220.29,220.57,4162.733
2025-10-10 09:28:00+00:00,220.57,220.61,220.44,220.49,713.573
2025-10-10 09:29:00+00:00,220.49,220.78,220.48,220.56,3486.54
2025-10-10 09:30:00+00:00,220.56,220.56,220.3,220.42,1471.761
2025-10-10 09:31:00+00:00,220.41,220.58,220.34,220.35,1081.979
2025-10-10 09:32:00+00:00,220.34,220.49,220.34,220.39,700.873
2025-10-10 09:33:00+00:00,220.39,220.55,220.31,220.55,1422.186
2025-10-10 09:34:00+00:00,220.56,220.61,220.5,220.54,916.107
2025-10-10 09:35:00+00:00,220.55,220.55,220.4,220.5,1002.857
2025-10-10 09:36:00+00:00,220.49,220.52,220.39,220.44,465.205
2025-10-10 09:37:00+00:00,220.44,220.45,220.36,220.38,337.355
2025-10-10 09:38:00+00:00,220.37,220.39,220.26,220.26,738.411
2025-10-10 09:39:00+00:00,220.26,220.32,220.26,220.29,381.703
2025-10-10 09:40:00+00:00,220.29,220.3,220.14,220.25,595.737
2025-10-10 09:41:00+00:00,220.24,220.24,220.01,220.14,881.842
2025-10-10 09:42:00+00:00,220.14,220.29,220.14,220.27,899.253
2025-10-10 09:43:00+00:00,220.28,220.31,220.18,220.18,427.292
2025-10-10 09:44:00+00:00,220.19,220.28,220.15,220.27,372.107
2025-10-10 09:45:00+00:00,220.28,220.46,220.2,220.39,715.949
2025-10-10 09:46:00+00:00,220.38,220.38,220.07,220.11,472.024
2025-10-10 09:47:00+00:00,220.11,220.38,220.1,220.18,310.456
2025-10-10 09:48:00+00:00,220.17,220.19,219.91,220.0,2168.25
2025-10-10 09:49:00+00:00,220.0,220.02,219.71,219.71,1276.999
2025-10-10 09:50:00+00:00,219.71,219.71,219.21,219.33,2535.103
2025-10-10 09:51:00+00:00,219.32,219.56,219.18,219.56,1085.689
2025-10-10 09:52:00+00:00,219.55,219.55,219.33,219.34,359.575
2025-10-10 09:53:00+00:00,219.33,219.36,219.15,219.23,1528.02
2025-10-10 09:54:00+00:00,219.23,219.44,219.21,219.33,1164.417
2025-10-10 09:55:00+00:00,219.33,219.42,219.32,219.32,397.778
2025-10-10 09:56:00+00:00,219.32,219.32,219.12,219.15,1451.462
2025-10-10 09:57:00+00:00,219.14,219.14,219.0,219.05,699.834
2025-10-10 09:58:00+00:00,219.05,219.15,219.0,219.0,421.614
2025-10-10 09:59:00+00:00,219.01,219.08,218.94,218.95,1092.054
2025-10-10 10:00:00+00:00,218.95,218.95,218.75,218.84,2224.264
2025-10-10 10:01:00+00:00,218.85,219.39,218.85,219.1,11235.641
2025-10-10 10:02:00+00:00,219.09,219.27,218.98,219.15,1185.315
2025-10-10 10:03:00+00:00,219.14,219.28,219.06,219.26,1476.956
2025-10-10 10:04:00+00:00,219.26,219.28,219.13,219.13,1385.734
2025-10-10 10:05:00+00:00,219.14,219.49,219.14,219.45,1187.073
2025-10-10 10:06:00+00:00,219.44,219.56,219.44,219.55,853.136
2025-10-10 10:07:00+00:00,219.56,219.56,219.41,219.52,742.06
2025-10-10 10:08:00+00:00,219.53,219.6,219.49,219.6,803.476
2025-10-10 10:09:00+00:00,219.61,219.74,219.59,219.71,1577.338
2025-10-10 10:10:00+00:00,219.71,219.74,219.62,219.62,851.941
2025-10-10 10:11:00+00:00,219.62,219.75,219.61,219.75,619.384
2025-10-10 10:12:00+00:00,219.75,219.8,219.72,219.72,718.25
2025-10-10 10:13:00+00:00,219.72,219.8,219.55,219.58,1431.233
2025-10-10 10:14:00+00:00,219.57,219.73,219.53,219.73,596.807
2025-10-10 10:15:00+00:00,219.73,219.82,219.68,219.75,1480.883
2025-10-10 10:16:00+00:00,219.74,219.74,219.58,219.65,1334.264
2025-10-10 10:17:00+00:00,219.65,219.7,219.57,219.68,437.76
2025-10-10 10:18:00+00:00,219.69,219.92,219.69,219.91,691.018
2025-10-10 10:19:00+00:00,219.9,219.96,219.74,219.82,735.0
2025-10-10 10:20:00+00:00,219.83,219.83,219.6,219.61,556.449
2025-10-10 10:21:00+00:00,219.61,219.88,219.61,219.88,354.948
2025-10-10 10:22:00+00:00,219.87,219.87,219.64,219.65,1156.447
2025-10-10 10:23:00+00:00,219.64,219.64,219.42,219.58,444.676
2025-10-10 10:24:00+00:00,219.58,219.78,219.54,219.78,807.13
2025-10-10 10:25:00+00:00,219.78,219.81,219.72,219.76,1884.916
2025-10-10 10:26:00+00:00,219.75,219.83,219.75,219.8,833.255
2025-10-10 10:27:00+00:00,219.8,219.82,219.74,219.78,788.719
2025-10-10 10:28:00+00:00,219.79,219.79,219.57,219.64,1983.979
2025-10-10 10:29:00+00:00,219.63,219.63,219.54,219.55,824.744
2025-10-10 10:30:00+00:00,219.54,219.81,219.46,219.81,723.533
2025-10-10 10:31:00+00:00,219.81,219.9,219.68,219.69,553.557
2025-10-10 10:32:00+00:00,219.69,219.72,219.54,219.55,770.975
2025-10-10 10:33:00+00:00,219.56,219.98,219.56,219.91,1697.278
2025-10-10 10:34:00+00:00,219.91,219.91,219.73,219.74,409.379
2025-10-10 10:35:00+00:00,219.73,219.74,219.53,219.54,222.061
2025-10-10 10:36:00+00:00,219.53,219.53,219.32,219.41,1522.674
2025-10-10 10:37:00+00:00,219.4,219.77,219.4,219.76,1790.179
2025-10-10 10:38:00+00:00,219.77,219.82,219.66,219.75,1049.241
2025-10-10 10:39:00+00:00,219.75,219.86,219.55,219.57,481.655
2025-10-10 10:40:00+00:00,219.57,219.57,219.41,219.42,341.99
2025-10-10 10:41:00+00:00,219.41,219.45,219.38,219.4,1173.742
2025-10-10 10:42:00+00:00,219.4,219.66,219.39,219.66,717.018
2025-10-10 10:43:00+00:00,219.65,219.78,219.56,219.78,1541.912
2025-10-10 10:44:00+00:00,219.77,219.86,219.77,219.85,498.765
2025-10-10 10:45:00+00:00,219.84,219.91,219.83,219.9,1273.896
2025-10-10 10:46:00+00:00,219.9,219.91,219.8,219.91,680.845
2025-10-10 10:47:00+00:00,219.91,219.94,219.64,219.75,1453.049
2025-10-10 10:48:00+00:00,219.75,219.9,219.7,219.89,1119.675
2025-10-10 10:49:00+00:00,219.9,220.27,219.89,220.19,2859.275
2025-10-10 10:50:00+00:00,220.2,220.43,220.19,220.39,2007.844
2025-10-10 10:51:00+00:00,220.4,220.5,220.27,220.27,1009.296
2025-10-10 10:52:00+00:00,220.27,220.5,220.26,220.3,1232.762
2025-10-10 10:53:00+00:00,220.31,220.36,220.23,220.24,539.574
2025-10-10 10:54:00+00:00,220.23,220.23,220.05,220.15,383.469
2025-10-10 10:55:00+00:00,220.16,220.5,220.05,220.49,1080.649
2025-10-10 10:56:00+00:00,220.5,220.63,220.5,220.59,1520.971
2025-10-10 10:57:00+00:00,220.59,220.62,220.44,220.44,2925.51
2025-10-10 10:58:00+00:00,220.44,220.48,220.34,220.38,480.264
2025-10-10 10:59:00+00:00,220.39,220.48,220.38,220.4,2218.858
2025-10-10 11:00:00+00:00,220.41,220.65,220.4,220.45,8386.371
2025-10-10 11:01:00+00:00,220.45,220.62,220.42,220.43,5673.476
2025-10-10 11:02:00+00:00,220.42,220.56,220.42,220.56,289.392
2025-10-10 11:03:00+00:00,220.56,220.93,220.56,220.84,4923.279
2025-10-10 11:04:00+00:00,220.84,220.84,220.67,220.76,1142.136
2025-10-10 11:05:00+00:00,220.77,221.02,220.77,220.9,7219.401
2025-10-10 11:06:00+00:00,220.91,220.92,220.59,220.6,1482.149
2025-10-10 11:07:00+00:00,220.6,220.74,220.48,220.67,2035.285
2025-10-10 11:08:00+00:00,220.68,220.8,220.64,220.8,535.099
2025-10-10 11:09:00+00:00,220.81,221.39,220.81,221.16,3972.108
2025-10-10 11:10:00+00:00,221.16,221.4,221.03,221.35,4031.337
2025-10-10 11:11:00+00:00,221.36,221.36,220.7,220.72,3392.96
2025-10-10 11:12:00+00:00,220.73,220.81,220.54,220.67,2223.237
2025-10-10 11:13:00+00:00,220.68,220.79,220.67,220.79,175.126
2025-10-10 11:14:00+00:00,220.79,220.8,220.69,220.69,503.663
2025-10-10 11:15:00+00:00,220.69,220.9,220.69,220.83,3724.141
2025-10-10 11:16:00+00:00,220.83,220.84,220.57,220.78,381.426
2025-10-10 11:17:00+00:00,220.79,220.94,220.78,220.94,1004.186
2025-10-10 11:18:00+00:00,220.94,221.1,220.88,220.88,2038.044
2025-10-10 11:19:00+00:00,220.88,220.95,220.69,220.73,759.629
2025-10-10 11:20:00+00:00,220.72,220.98,220.5,220.93,2960.013
2025-10-10 11:21:00+00:00,220.93,220.94,220.54,220.54,2768.835
2025-10-10 11:22:00+00:00,220.53,220.53,220.34,220.36,1392.805
2025-10-10 11:23:00+00:00,220.35,220.38,220.28,220.32,535.118
2025-10-10 11:24:00+00:00,220.32,220.46,220.32,220.44,901.539
2025-10-10 11:25:00+00:00,220.45,220.51,220.38,220.48,339.645
2025-10-10 11:26:00+00:00,220.48,220.5,220.39,220.46,1028.839
2025-10-10 11:27:00+00:00,220.46,220.58,220.44,220.58,935.953
2025-10-10 11:28:00+00:00,220.57,220.66,220.43,220.56,450.801
2025-10-10 11:29:00+00:00,220.56,220.79,220.56,220.78,425.334
2025-10-10 11:30:00+00:00,220.79,220.98,220.71,220.72,2790.613
2025-10-10 11:31:00+00:00,220.72,220.88,220.72,220.81,1460.305
2025-10-10 11:32:00+00:00,220.81,220.98,220.73,220.94,774.058
2025-10-10 11:33:00+00:00,220.94,220.98,220.83,220.89,636.962
2025-10-10 11:34:00+00:00,220.89,220.98,220.76,220.81,1171.517
2025-10-10 11:35:00+00:00,220.8,220.96,220.77,220.87,1217.182
2025-10-10 11:36:00+00:00,220.88,221.06,220.88,221.05,878.432
2025-10-10 11:37:00+00:00,221.06,221.16,221.0,221.16,923.343
2025-10-10 11:38:00+00:00,221.17,221.24,221.09,221.19,980.292
2025-10-10 11:39:00+00:00,221.2,221.27,221.07,221.15,843.462
2025-10-10 11:40:00+00:00,221.14,221.2,221.08,221.19,448.928
2025-10-10 11:41:00+00:00,221.2,221.32,221.19,221.28,745.226
2025-10-10 11:42:00+00:00,221.28,221.29,221.07,221.11,935.694
2025-10-10 11:43:00+00:00,221.11,221.27,221.11,221.27,456.772
2025-10-10 11:44:00+00:00,221.26,221.37,221.26,221.36,528.161
2025-10-10 11:45:00+00:00,221.37,221.39,221.29,221.34,1081.258
2025-10-10 11:46:00+00:00,221.33,221.39,221.27,221.34,507.67
2025-10-10 11:47:00+00:00,221.35,221.35,221.28,221.34,475.212
2025-10-10 11:48:00+00:00,221.34,221.34,221.15,221.31,695.081
2025-10-10 11:49:00+00:00,221.32,221.32,221.05,221.15,1091.271
2025-10-10 11:50:00+00:00,221.15,221.16,221.07,221.07,823.483
2025-10-10 11:51:00+00:00,221.08,221.28,221.07,221.28,425.787
2025-10-10 11:52:00+00:00,221.28,221.55,221.28,221.54,1779.422
2025-10-10 11:53:00+00:00,221.54,221.56,221.41,221.45,1432.977
2025-10-10 11:54:00+00:00,221.45,221.52,221.4,221.46,221.768
2025-10-10 11:55:00+00:00,221.46,221.49,221.4,221.42,932.775
2025-10-10 11:56:00+00:00,221.43,221.55,221.43,221.47,556.462
2025-10-10 11:57:00+00:00,221.47,221.47,221.22,221.24,1418.459
2025-10-10 11:58:00+00:00,221.25,221.27,221.07,221.12,2082.634
2025-10-10 11:59:00+00:00,221.13,221.18,221.13,221.14,552.5
2025-10-10 12:00:00+00:00,221.15,221.23,221.13,221.16,895.998
2025-10-10 12:01:00+00:00,221.16,221.41,221.16,221.4,493.731
2025-10-10 12:02:00+00:00,221.41,221.5,221.26,221.41,3293.299
2025-10-10 12:03:00+00:00,221.41,221.62,221.4,221.6,985.893
2025-10-10 12:04:00+00:00,221.59,221.6,221.28,221.53,1758.296
2025-10-10 12:05:00+00:00,221.52,221.57,221.44,221.55,4540.159
2025-10-10 12:06:00+00:00,221.56,221.56,221.34,221.35,2727.6
2025-10-10 12:07:00+00:00,221.35,221.58,221.32,221.58,1323.463
2025-10-10 12:08:00+00:00,221.57,221.67,221.57,221.66,1017.961
2025-10-10 12:09:00+00:00,221.66,221.8,221.38,221.38,2088.19
2025-10-10 12:10:00+00:00,221.38,221.38,221.13,221.15,1048.738
2025-10-10 12:11:00+00:00,221.15,221.15,220.88,221.0,1292.573
2025-10-10 12:12:00+00:00,220.99,221.14,220.99,221.07,832.405
2025-10-10 12:13:00+00:00,221.07,221.07,220.86,220.86,1688.837
2025-10-10 12:14:00+00:00,220.86,221.05,220.86,221.05,527.516
2025-10-10 12:15:00+00:00,221.04,221.04,220.79,220.85,2270.703
2025-10-10 12:16:00+00:00,220.86,221.09,220.85,221.07,774.712
2025-10-10 12:17:00+00:00,221.06,221.27,221.06,221.27,1398.709
2025-10-10 12:18:00+00:00,221.26,221.31,221.25,221.31,821.123
2025-10-10 12:19:00+00:00,221.31,221.59,221.31,221.58,2160.941
2025-10-10 12:20:00+00:00,221.58,221.6,221.49,221.49,782.144
2025-10-10 12:21:00+00:00,221.49,221.6,221.46,221.6,3075.735
2025-10-10 12:22:00+00:00,221.61,221.72,221.57,221.57,1613.44
2025-10-10 12:23:00+00:00,221.58,221.67,221.58,221.67,947.743
2025-10-10 12:24:00+00:00,221.67,221.69,221.57,221.6,1195.222
2025-10-10 12:25:00+00:00,221.59,221.74,221.59,221.63,798.327
2025-10-10 12:26:00+00:00,221.64,221.64,221.53,221.6,1119.902
2025-10-10 12:27:00+00:00,221.6,221.6,221.41,221.55,1112.098
2025-10-10 12:28:00+00:00,221.55,221.57,221.45,221.55,1963.703
2025-10-10 12:29:00+00:00,221.55,221.56,221.47,221.5,849.632
2025-10-10 12:30:00+00:00,221.49,221.51,221.25,221.26,2020.76
2025-10-10 12:31:00+00:00,221.26,221.41,221.2,221.26,2247.254
2025-10-10 12:32:00+00:00,221.25,221.4,221.21,221.39,723.883
2025-10-10 12:33:00+00:00,221.38,221.54,221.38,221.48,491.873
2025-10-10 12:34:00+00:00,221.49,221.6,221.42,221.6,1556.811
2025-10-10 12:35:00+00:00,221.6,221.66,221.55,221.62,2054.766
2025-10-10 12:36:00+00:00,221.61,221.66,221.51,221.51,990.987
2025-10-10 12:37:00+00:00,221.51,221.51,221.27,221.27,2222.154
2025-10-10 12:38:00+00:00,221.27,221.27,220.94,220.99,1196.064
2025-10-10 12:39:00+00:00,220.99,221.18,220.99,221.11,1095.913
2025-10-10 12:40:00+00:00,221.11,221.29,221.1,221.18,2104.204
2025-10-10 12:41:00+00:00,221.17,221.29,221.01,221.29,1272.896
2025-10-10 12:42:00+00:00,221.28,221.3,221.16,221.16,1115.043
2025-10-10 12:43:00+00:00,221.17,221.18,221.06,221.18,1171.965
2025-10-10 12:44:00+00:00,221.17,221.26,221.07,221.08,451.097
2025-10-10 12:45:00+00:00,221.07,221.2,221.07,221.08,1197.746
2025-10-10 12:46:00+00:00,221.07,221.09,221.07,221.09,580.803
2025-10-10 12:47:00+00:00,221.09,221.09,220.9,220.94,1696.516
2025-10-10 12:48:00+00:00,220.94,221.17,220.94,221.12,924.701
2025-10-10 12:49:00+00:00,221.12,221.24,221.11,221.21,752.704
2025-10-10 12:50:00+00:00,221.21,221.35,221.21,221.27,743.833
2025-10-10 12:51:00+00:00,221.26,221.48,221.26,221.48,699.879
2025-10-10 12:52:00+00:00,221.47,221.58,221.44,221.48,1794.6
2025-10-10 12:53:00+00:00,221.48,221.6,221.47,221.47,1274.372
2025-10-10 12:54:00+00:00,221.48,221.51,221.47,221.49,940.3
2025-10-10 12:55:00+00:00,221.48,221.6,221.48,221.59,629.963
2025-10-10 12:56:00+00:00,221.59,221.62,221.59,221.62,201.864
2025-10-10 12:57:00+00:00,221.62,221.73,221.54,221.72,2956.611
2025-10-10 12:58:00+00:00,221.72,221.75,221.65,221.66,1015.816
2025-10-10 12:59:00+00:00,221.65,221.76,221.65,221.76,362.482
2025-10-10 13:00:00+00:00,221.76,221.91,221.68,221.78,2538.959
2025-10-10 13:01:00+00:00,221.77,221.78,221.59,221.64,2807.88
2025-10-10 13:02:00+00:00,221.64,221.83,221.64,221.83,1430.714
2025-10-10 13:03:00+00:00,221.83,222.11,221.83,222.06,4246.184
2025-10-10 13:04:00+00:00,222.07,222.36,222.07,222.35,7688.041
2025-10-10 13:05:00+00:00,222.36,222.37,221.88,221.97,1674.431
2025-10-10 13:06:00+00:00,221.98,222.2,221.97,222.12,2076.82
2025-10-10 13:07:00+00:00,222.12,222.19,221.89,222.12,1451.059
2025-10-10 13:08:00+00:00,222.11,222.15,221.99,222.06,3129.786
2025-10-10 13:09:00+00:00,222.07,222.09,221.74,221.86,2632.024
2025-10-10 13:10:00+00:00,221.85,221.86,221.65,221.72,1407.208
2025-10-10 13:11:00+00:00,221.71,221.74,221.64,221.71,900.664
2025-10-10 13:12:00+00:00,221.72,221.78,221.71,221.72,674.637
2025-10-10 13:13:00+00:00,221.71,221.83,221.71,221.76,804.733
2025-10-10 13:14:00+00:00,221.77,221.86,221.75,221.86,1621.052
2025-10-10 13:15:00+00:00,221.85,221.95,221.81,221.81,2627.814
2025-10-10 13:16:00+00:00,221.82,221.82,221.52,221.55,3160.316
2025-10-10 13:17:00+00:00,221.55,221.93,221.53,221.76,1617.219
2025-10-10 13:18:00+00:00,221.75,222.11,221.74,222.11,1419.92
2025-10-10 13:19:00+00:00,222.1,222.34,222.1,222.33,1713.618
2025-10-10 13:20:00+00:00,222.33,222.38,222.2,222.24,1763.443
2025-10-10 13:21:00+00:00,222.24,222.25,222.1,222.1,948.068
2025-10-10 13:22:00+00:00,222.1,222.22,222.04,222.16,2297.419
2025-10-10 13:23:00+00:00,222.16,222.17,221.99,222.14,3409.524
2025-10-10 13:24:00+00:00,222.13,222.15,222.02,222.15,2310.009
2025-10-10 13:25:00+00:00,222.16,222.42,222.16,222.41,5180.137
2025-10-10 13:26:00+00:00,222.41,222.64,222.4,222.64,7016.615
2025-10-10 13:27:00+00:00,222.64,222.68,222.46,222.6,3122.01
2025-10-10 13:28:00+00:00,222.59,222.59,222.45,222.52,3728.591
2025-10-10 13:29:00+00:00,222.52,222.58,222.45,222.52,4448.319
2025-10-10 13:30:00+00:00,222.52,222.89,222.41,222.41,6730.075
2025-10-10 13:31:00+00:00,222.42,222.89,222.42,222.71,7459.686
2025-10-10 13:32:00+00:00,222.71,222.77,222.43,222.64,1936.74
2025-10-10 13:33:00+00:00,222.65,222.8,222.5,222.79,2338.987
2025-10-10 13:34:00+00:00,222.8,223.29,222.8,223.23,8768.117
2025-10-10 13:35:00+00:00,223.23,223.4,222.96,223.02,5474.371
2025-10-10 13:36:00+00:00,223.02,223.09,222.57,223.09,3792.831
2025-10-10 13:37:00+00:00,223.09,223.28,222.86,223.25,2909.456
2025-10-10 13:38:00+00:00,223.26,223.75,223.26,223.61,13659.631
2025-10-10 13:39:00+00:00,223.6,224.28,223.6,224.06,17292.214
2025-10-10 13:40:00+00:00,224.06,224.15,223.66,223.76,6347.612
2025-10-10 13:41:00+00:00,223.76,224.09,223.62,224.0,3768.185
2025-10-10 13:42:00+00:00,224.0,224.46,223.87,224.36,10782.18
2025-10-10 13:43:00+00:00,224.36,224.43,223.91,224.12,3902.01
2025-10-10 13:44:00+00:00,224.12,224.18,223.93,224.03,4571.041
2025-10-10 13:45:00+00:00,224.03,224.19,223.64,223.95,5509.074
2025-10-10 13:46:00+00:00,223.96,223.97,223.65,223.65,2166.975
2025-10-10 13:47:00+00:00,223.65,223.8,223.36,223.79,3894.166
2025-10-10 13:48:00+00:00,223.79,223.79,223.48,223.61,2355.607
2025-10-10 13:49:00+00:00,223.62,223.62,222.89,223.1,14497.009
2025-10-10 13:50:00+00:00,223.1,223.24,222.84,223.24,2849.897
2025-10-10 13:51:00+00:00,223.24,223.31,222.73,222.81,5621.205
2025-10-10 13:52:00+00:00,222.8,223.08,222.73,223.08,1472.751
2025-10-10 13:53:00+00:00,223.07,223.14,222.77,222.88,1711.876
2025-10-10 13:54:00+00:00,222.87,222.87,222.13,222.25,7356.13
2025-10-10 13:55:00+00:00,222.26,222.56,222.26,222.55,1388.74
2025-10-10 13:56:00+00:00,222.56,222.9,222.56,222.82,976.539
2025-10-10 13:57:00+00:00,222.83,223.12,222.81,223.11,1849.69
2025-10-10 13:58:00+00:00,223.11,223.38,223.08,223.38,4129.888
2025-10-10 13:59:00+00:00,223.39,223.48,223.3,223.41,5923.133
2025-10-10 14:00:00+00:00,223.42,224.09,223.42,224.04,5254.319
2025-10-10 14:01:00+00:00,224.05,224.06,222.74,223.24,10870.115
2025-10-10 14:02:00+00:00,223.23,224.19,223.18,224.19,3847.54
2025-10-10 14:03:00+00:00,224.19,224.35,223.95,224.1,6790.754
2025-10-10 14:04:00+00:00,224.11,224.4,224.06,224.33,4074.359
2025-10-10 14:05:00+00:00,224.33,224.35,223.91,223.92,3412.603
2025-10-10 14:06:00+00:00,223.92,224.17,223.8,224.07,2019.044
2025-10-10 14:07:00+00:00,224.07,224.37,224.02,224.22,1558.317
2025-10-10 14:08:00+00:00,224.22,224.25,223.84,223.96,1072.163
2025-10-10 14:09:00+00:00,223.96,224.21,223.87,224.04,1455.818
2025-10-10 14:10:00+00:00,224.04,224.04,223.79,223.88,1665.756
2025-10-10 14:11:00+00:00,223.88,224.31,223.8,224.3,6424.726
2025-10-10 14:12:00+00:00,224.3,224.42,224.25,224.34,6999.068
2025-10-10 14:13:00+00:00,224.35,224.39,223.81,223.94,3958.757
2025-10-10 14:14:00+00:00,223.93,223.94,223.66,223.9,1580.734
2025-10-10 14:15:00+00:00,223.9,224.13,223.72,223.8,5500.468
2025-10-10 14:16:00+00:00,223.81,223.88,223.24,223.24,10182.588
2025-10-10 14:17:00+00:00,223.24,223.25,222.38,222.62,9786.707
2025-10-10 14:18:00+00:00,222.62,223.11,222.47,222.9,7070.044
2025-10-10 14:19:00+00:00,222.9,222.93,222.59,222.87,1692.377
2025-10-10 14:20:00+00:00,222.87,223.15,222.62,223.15,2920.555
2025-10-10 14:21:00+00:00,223.15,223.28,222.95,223.12,2916.497
2025-10-10 14:22:00+00:00,223.13,223.19,222.56,222.61,3243.13
2025-10-10 14:23:00+00:00,222.62,222.64,222.22,222.23,5057.128
2025-10-10 14:24:00+00:00,222.23,222.46,222.21,222.4,1414.908
2025-10-10 14:25:00+00:00,222.41,222.53,222.08,222.37,4488.563
2025-10-10 14:26:00+00:00,222.38,222.61,222.22,222.61,1529.151
2025-10-10 14:27:00+00:00,222.6,222.67,222.29,222.29,2124.406
2025-10-10 14:28:00+00:00,222.29,222.42,222.1,222.1,1578.975
2025-10-10 14:29:00+00:00,222.1,222.18,221.81,222.18,9370.754
2025-10-10 14:30:00+00:00,222.17,222.87,222.15,222.73,3926.638
2025-10-10 14:31:00+00:00,222.74,223.05,222.74,222.99,2467.777
2025-10-10 14:32:00+00:00,223.0,223.04,222.8,222.99,1130.51
2025-10-10 14:33:00+00:00,223.0,223.03,222.8,222.94,1446.707
2025-10-10 14:34:00+00:00,222.95,223.35,222.86,223.35,2324.584
2025-10-10 14:35:00+00:00,223.34,223.34,222.97,222.97,1938.903
2025-10-10 14:36:00+00:00,222.97,223.06,222.74,222.99,1031.114
2025-10-10 14:37:00+00:00,223.0,223.13,222.98,223.13,2879.134
2025-10-10 14:38:00+00:00,223.13,223.13,222.78,222.82,707.729
2025-10-10 14:39:00+00:00,222.83,222.9,222.65,222.7,1536.033
2025-10-10 14:40:00+00:00,222.69,222.84,222.59,222.65,945.403
2025-10-10 14:41:00+00:00,222.66,222.78,222.43,222.53,3009.679
2025-10-10 14:42:00+00:00,222.52,222.52,222.08,222.08,2133.837
2025-10-10 14:43:00+00:00,222.08,222.55,222.08,222.45,2535.738
2025-10-10 14:44:00+00:00,222.44,222.53,222.4,222.43,481.458
2025-10-10 14:45:00+00:00,222.43,222.58,222.28,222.46,1450.833
2025-10-10 14:46:00+00:00,222.46,222.49,222.11,222.11,2165.163
2025-10-10 14:47:00+00:00,222.11,222.64,222.06,222.63,1025.791
2025-10-10 14:48:00+00:00,222.64,222.97,222.64,222.96,1189.267
2025-10-10 14:49:00+00:00,222.96,223.09,222.88,223.0,1065.545
2025-10-10 14:50:00+00:00,223.0,223.25,222.92,223.24,1196.534
2025-10-10 14:51:00+00:00,223.25,223.37,223.01,223.09,3494.755
2025-10-10 14:52:00+00:00,223.1,223.15,222.75,222.76,2486.314
2025-10-10 14:53:00+00:00,222.76,222.99,222.76,222.98,1923.208
2025-10-10 14:54:00+00:00,222.97,222.99,222.56,222.65,1275.205
2025-10-10 14:55:00+00:00,222.64,222.82,222.5,222.53,836.944
2025-10-10 14:56:00+00:00,222.53,222.59,222.47,222.47,713.883
2025-10-10 14:57:00+00:00,222.47,222.51,221.02,221.06,10282.778
2025-10-10 14:58:00+00:00,221.06,221.8,219.9,220.3,65117.998
2025-10-10 14:59:00+00:00,220.31,220.82,219.69,219.79,18043.551
2025-10-10 15:00:00+00:00,219.79,220.15,219.26,219.34,15607.686
2025-10-10 15:01:00+00:00,219.34,219.5,218.52,218.95,48341.61
2025-10-10 15:02:00+00:00,218.95,218.95,218.23,218.85,13325.024
2025-10-10 15:03:00+00:00,218.84,219.1,217.95,218.17,18623.345
2025-10-10 15:04:00+00:00,218.17,218.34,217.33,218.13,18298.278
2025-10-10 15:05:00+00:00,218.12,218.5,217.5,218.48,26731.905
2025-10-10 15:06:00+00:00,218.49,219.14,217.91,218.52,12657.691
2025-10-10 15:07:00+00:00,218.52,218.99,218.33,218.89,12122.447
2025-10-10 15:08:00+00:00,218.89,219.04,218.11,218.23,6567.458
2025-10-10 15:09:00+00:00,218.22,218.42,217.87,218.11,5324.58
2025-10-10 15:10:00+00:00,218.11,219.04,218.0,219.03,8780.735
2025-10-10 15:11:00+00:00,219.03,219.36,218.62,218.86,5713.152
2025-10-10 15:12:00+00:00,218.86,218.91,218.46,218.64,7831.013
2025-10-10 15:13:00+00:00,218.63,218.86,218.5,218.74,4423.218
2025-10-10 15:14:00+00:00,218.74,218.9,218.37,218.45,3343.459
2025-10-10 15:15:00+00:00,218.44,218.82,218.33,218.67,4840.051
2025-10-10 15:16:00+00:00,218.66,218.72,217.94,217.96,3345.03
2025-10-10 15:17:00+00:00,217.97,218.07,217.12,217.44,13884.782
2025-10-10 15:18:00+00:00,217.43,217.48,216.8,216.99,28232.494
2025-10-10 15:19:00+00:00,216.98,217.01,216.36,216.6,15853.909
2025-10-10 15:20:00+00:00,216.59,216.59,215.66,215.99,21026.348
2025-10-10 15:21:00+00:00,215.98,215.98,213.67,214.38,86870.592
2025-10-10 15:22:00+00:00,214.37,215.03,213.51,214.83,29178.598
2025-10-10 15:23:00+00:00,214.82,215.02,213.64,213.96,18635.754
2025-10-10 15:24:00+00:00,213.95,214.26,213.34,213.6,26455.588
2025-10-10 15:25:00+00:00,213.59,213.79,212.85,213.09,33618.562
2025-10-10 15:26:00+00:00,213.1,214.05,212.95,213.01,15874.103
2025-10-10 15:27:00+00:00,213.01,214.39,213.01,214.29,12874.952
2025-10-10 15:28:00+00:00,214.3,214.42,213.64,213.84,16682.056
2025-10-10 15:29:00+00:00,213.84,213.96,213.23,213.24,16790.029
2025-10-10 15:30:00+00:00,213.23,213.23,210.94,211.53,44885.288
2025-10-10 15:31:00+00:00,211.53,212.21,209.53,210.4,69823.581
2025-10-10 15:32:00+00:00,210.41,211.28,210.08,210.2,42088.869
2025-10-10 15:33:00+00:00,210.2,211.17,210.01,210.36,41935.116
2025-10-10 15:34:00+00:00,210.35,210.42,209.01,210.06,32153.29
2025-10-10 15:35:00+00:00,210.06,210.67,209.8,210.12,42264.799
2025-10-10 15:36:00+00:00,210.13,211.01,209.75,210.86,20481.797
2025-10-10 15:37:00+00:00,210.86,211.11,210.37,211.02,14480.002
2025-10-10 15:38:00+00:00,211.03,211.66,210.95,211.08,18647.386
2025-10-10 15:39:00+00:00,211.07,211.84,211.02,211.16,16578.073
2025-10-10 15:40:00+00:00,211.16,211.36,210.46,210.63,13625.985
2025-10-10 15:41:00+00:00,210.63,211.61,210.32,211.58,23884.911
2025-10-10 15:42:00+00:00,211.57,211.74,211.13,211.7,16714.165
2025-10-10 15:43:00+00:00,211.69,212.28,211.59,212.12,11397.124
2025-10-10 15:44:00+00:00,212.12,213.57,212.11,213.44,20971.787
2025-10-10 15:45:00+00:00,213.44,213.53,212.19,212.21,17263.351
2025-10-10 15:46:00+00:00,212.2,212.8,211.94,212.29,11018.695
2025-10-10 15:47:00+00:00,212.29,212.34,211.87,212.01,14208.624
2025-10-10 15:48:00+00:00,212.0,212.18,211.8,212.09,7530.942
2025-10-10 15:49:00+00:00,212.09,212.19,211.46,211.64,11285.125
2025-10-10 15:50:00+00:00,211.64,211.68,211.3,211.64,9562.323
2025-10-10 15:51:00+00:00,211.63,211.87,211.28,211.28,6356.036
2025-10-10 15:52:00+00:00,211.28,211.46,211.04,211.13,8247.322
2025-10-10 15:53:00+00:00,211.13,211.36,210.94,211.27,12226.807
2025-10-10 15:54:00+00:00,211.27,211.48,211.03,211.29,5888.897
2025-10-10 15:55:00+00:00,211.28,211.29,210.53,210.82,10883.846
2025-10-10 15:56:00+00:00,210.81,210.81,210.01,210.51,11240.337
2025-10-10 15:57:00+00:00,210.51,210.61,210.02,210.27,8411.067
2025-10-10 15:58:00+00:00,210.26,211.13,210.0,211.04,7201.273
2025-10-10 15:59:00+00:00,211.03,211.07,210.36,210.7,4717.122
2025-10-10 16:00:00+00:00,210.69,210.69,210.04,210.28,12496.363
2025-10-10 16:01:00+00:00,210.29,210.58,210.05,210.42,6536.011
2025-10-10 16:02:00+00:00,210.41,210.64,210.12,210.15,5014.95
2025-10-10 16:03:00+00:00,210.14,210.58,210.04,210.52,6949.992
2025-10-10 16:04:00+00:00,210.51,210.8,210.14,210.74,7818.639
2025-10-10 16:05:00+00:00,210.73,211.57,210.64,211.45,14191.584
2025-10-10 16:06:00+00:00,211.45,211.78,211.08,211.49,10923.331
2025-10-10 16:07:00+00:00,211.49,211.7,211.26,211.56,9388.363
2025-10-10 16:08:00+00:00,211.55,212.12,211.48,212.06,9061.189
2025-10-10 16:09:00+00:00,212.06,212.34,212.05,212.17,9017.885
2025-10-10 16:10:00+00:00,212.18,212.18,211.37,211.46,9828.363
2025-10-10 16:11:00+00:00,211.46,211.92,211.37,211.89,5572.372
2025-10-10 16:12:00+00:00,211.89,211.93,211.47,211.47,4613.232
2025-10-10 16:13:00+00:00,211.47,211.78,211.43,211.51,7338.169
2025-10-10 16:14:00+00:00,211.5,211.66,211.36,211.39,4111.687
2025-10-10 16:15:00+00:00,211.39,211.48,211.04,211.1,7974.536
2025-10-10 16:16:00+00:00,211.1,211.24,210.82,210.89,5979.314
2025-10-10 16:17:00+00:00,210.89,210.92,210.52,210.67,8524.978
2025-10-10 16:18:00+00:00,210.66,210.74,210.46,210.55,6510.905
2025-10-10 16:19:00+00:00,210.55,211.11,210.33,210.93,6656.283
2025-10-10 16:20:00+00:00,210.94,211.25,210.76,211.0,3063.945
2025-10-10 16:21:00+00:00,211.0,211.47,210.85,211.4,5063.875
2025-10-10 16:22:00+00:00,211.41,211.68,211.41,211.64,3793.087
2025-10-10 16:23:00+00:00,211.64,212.21,211.63,212.12,5054.447
2025-10-10 16:24:00+00:00,212.12,212.24,211.96,211.97,6302.922
2025-10-10 16:25:00+00:00,211.97,211.97,211.7,211.76,4617.362
2025-10-10 16:26:00+00:00,211.75,212.02,211.7,211.83,4714.751
2025-10-10 16:27:00+00:00,211.82,212.05,211.7,211.73,3006.168
2025-10-10 16:28:00+00:00,211.73,211.79,211.58,211.58,5362.151
2025-10-10 16:29:00+00:00,211.58,211.61,211.3,211.41,3691.515
2025-10-10 16:30:00+00:00,211.4,211.52,211.26,211.29,4772.797
2025-10-10 16:31:00+00:00,211.28,211.59,211.11,211.58,6727.746
2025-10-10 16:32:00+00:00,211.59,212.07,211.59,211.98,4402.085
2025-10-10 16:33:00+00:00,211.98,212.48,211.97,212.2,4281.734
2025-10-10 16:34:00+00:00,212.2,212.33,212.07,212.32,4166.355
2025-10-10 16:35:00+00:00,212.32,212.33,211.96,212.15,8100.955
2025-10-10 16:36:00+00:00,212.14,212.85,212.12,212.77,13549.901
2025-10-10 16:37:00+00:00,212.76,212.96,212.63,212.92,5451.012
2025-10-10 16:38:00+00:00,212.92,212.96,212.63,212.95,7490.029
2025-10-10 16:39:00+00:00,212.95,212.98,212.86,212.94,4479.981
2025-10-10 16:40:00+00:00,212.93,213.06,212.5,212.52,18197.253
2025-10-10 16:41:00+00:00,212.52,212.52,212.03,212.15,9821.411
2025-10-10 16:42:00+00:00,212.14,212.23,212.04,212.06,5267.843
2025-10-10 16:43:00+00:00,212.05,212.06,211.72,211.78,8204.758
2025-10-10 16:44:00+00:00,211.78,211.78,211.5,211.56,8302.229
2025-10-10 16:45:00+00:00,211.56,211.7,211.43,211.63,6682.438
2025-10-10 16:46:00+00:00,211.63,211.65,211.32,211.65,7261.225
2025-10-10 16:47:00+00:00,211.65,211.97,211.55,211.7,5159.112
2025-10-10 16:48:00+00:00,211.7,211.73,211.13,211.15,9985.351
2025-10-10 16:49:00+00:00,211.15,211.23,210.93,210.96,6878.868
2025-10-10 16:50:00+00:00,210.96,211.07,210.77,210.95,10473.768
2025-10-10 16:51:00+00:00,210.95,211.42,210.95,211.32,2994.469
2025-10-10 16:52:00+00:00,211.32,211.65,211.2,211.47,2596.718
2025-10-10 16:53:00+00:00,211.46,211.47,211.0,211.0,3258.707
2025-10-10 16:54:00+00:00,211.0,211.34,210.96,211.27,5908.865
2025-10-10 16:55:00+00:00,211.27,211.52,211.06,211.24,8610.904
2025-10-10 16:56:00+00:00,211.24,211.53,210.9,210.95,17656.901
2025-10-10 16:57:00+00:00,210.94,211.17,210.85,211.08,4921.697
2025-10-10 16:58:00+00:00,211.08,211.3,210.86,211.24,3097.412
2025-10-10 16:59:00+00:00,211.24,211.36,210.99,211.26,3372.677
2025-10-10 17:00:00+00:00,211.25,211.53,211.0,211.33,7091.262
2025-10-10 17:01:00+00:00,211.32,211.47,211.11,211.26,3009.523
2025-10-10 17:02:00+00:00,211.25,211.29,210.75,210.79,5550.658
2025-10-10 17:03:00+00:00,210.8,210.85,210.47,210.7,5805.885
2025-10-10 17:04:00+00:00,210.7,210.84,210.05,210.19,9631.487
2025-10-10 17:05:00+00:00,210.19,210.26,210.01,210.18,10412.919
2025-10-10 17:06:00+00:00,210.18,210.7,210.11,210.65,5750.602
2025-10-10 17:07:00+00:00,210.66,210.66,210.06,210.15,4331.551
2025-10-10 17:08:00+00:00,210.15,210.51,210.11,210.44,2444.939
2025-10-10 17:09:00+00:00,210.45,210.45,210.01,210.13,6127.031
2025-10-10 17:10:00+00:00,210.12,210.23,209.81,209.97,8983.93
2025-10-10 17:11:00+00:00,209.96,210.4,209.57,210.32,6273.973
2025-10-10 17:12:00+00:00,210.32,210.82,210.32,210.57,3252.0
2025-10-10 17:13:00+00:00,210.57,210.59,210.1,210.13,1493.387
2025-10-10 17:14:00+00:00,210.14,210.18,209.89,209.96,4756.602
2025-10-10 17:15:00+00:00,209.97,210.47,209.93,210.28,2855.175
2025-10-10 17:16:00+00:00,210.28,210.67,210.25,210.67,3422.708
2025-10-10 17:17:00+00:00,210.66,210.9,210.46,210.62,3212.318
2025-10-10 17:18:00+00:00,210.61,210.87,210.49,210.63,2161.64
2025-10-10 17:19:00+00:00,210.63,210.69,210.42,210.56,1165.254
2025-10-10 17:20:00+00:00,210.55,210.58,210.0,210.01,2880.817
2025-10-10 17:21:00+00:00,210.01,210.56,210.01,210.55,2501.469
2025-10-10 17:22:00+00:00,210.56,210.97,210.56,210.96,2196.924
2025-10-10 17:23:00+00:00,210.97,211.39,210.97,211.38,4429.07
2025-10-10 17:24:00+00:00,211.38,211.42,210.81,210.84,5348.983
2025-10-10 17:25:00+00:00,210.85,210.89,210.6,210.73,1274.259
2025-10-10 17:26:00+00:00,210.73,210.87,210.46,210.59,2907.243
2025-10-10 17:27:00+00:00,210.59,210.83,210.5,210.75,1595.297
2025-10-10 17:28:00+00:00,210.76,211.22,210.75,211.2,3118.815
2025-10-10 17:29:00+00:00,211.19,211.19,210.64,210.97,2347.348
2025-10-10 17:30:00+00:00,210.97,211.16,210.73,210.77,1189.532
2025-10-10 17:31:00+00:00,210.76,210.91,210.69,210.8,1145.052
2025-10-10 17:32:00+00:00,210.79,210.79,210.46,210.59,1721.56
2025-10-10 17:33:00+00:00,210.6,210.73,210.46,210.47,1496.135
2025-10-10 17:34:00+00:00,210.46,210.63,210.44,210.48,1831.066
2025-10-10 17:35:00+00:00,210.47,210.54,210.17,210.29,2260.508
2025-10-10 17:36:00+00:00,210.29,210.29,210.06,210.27,669.467
2025-10-10 17:37:00+00:00,210.27,210.45,210.04,210.23,1387.473
2025-10-10 17:38:00+00:00,210.22,210.24,209.76,209.78,5382.902
2025-10-10 17:39:00+00:00,209.77,209.97,209.67,209.93,3524.348
2025-10-10 17:40:00+00:00,209.93,209.93,209.35,209.63,4515.48
2025-10-10 17:41:00+00:00,209.63,209.96,209.55,209.77,1306.956
2025-10-10 17:42:00+00:00,209.76,209.84,209.57,209.77,1527.684
2025-10-10 17:43:00+00:00,209.77,209.8,209.53,209.76,1238.868
2025-10-10 17:44:00+00:00,209.76,209.85,209.55,209.56,1482.049
2025-10-10 17:45:00+00:00,209.56,209.71,209.3,209.3,2254.829
2025-10-10 17:46:00+00:00,209.31,209.35,208.82,209.32,12966.734
2025-10-10 17:47:00+00:00,209.32,209.66,209.27,209.66,2749.967
2025-10-10 17:48:00+00:00,209.67,210.34,209.67,210.26,4778.087
2025-10-10 17:49:00+00:00,210.26,210.27,209.87,210.0,2552.483
2025-10-10 17:50:00+00:00,209.99,210.07,209.68,209.95,1228.858
2025-10-10 17:51:00+00:00,209.95,210.0,209.82,209.94,675.763
2025-10-10 17:52:00+00:00,209.94,209.96,209.38,209.44,2501.845
2025-10-10 17:53:00+00:00,209.44,209.67,209.44,209.67,1287.371
2025-10-10 17:54:00+00:00,209.67,209.7,209.31,209.41,5931.708
2025-10-10 17:55:00+00:00,209.41,209.95,209.37,209.78,1374.988
2025-10-10 17:56:00+00:00,209.78,209.79,209.44,209.48,2829.011
2025-10-10 17:57:00+00:00,209.48,209.55,209.3,209.42,1288.388
2025-10-10 17:58:00+00:00,209.43,209.76,209.43,209.75,917.871
2025-10-10 17:59:00+00:00,209.75,209.75,209.65,209.68,789.331
2025-10-10 18:00:00+00:00,209.68,209.74,209.14,209.29,4158.842
2025-10-10 18:01:00+00:00,209.28,209.28,208.92,209.01,7266.226
2025-10-10 18:02:00+00:00,209.0,209.5,208.97,209.41,1068.227
2025-10-10 18:03:00+00:00,209.41,209.41,208.98,209.07,2607.446
2025-10-10 18:04:00+00:00,209.06,209.14,209.0,209.05,2487.041
2025-10-10 18:05:00+00:00,209.05,209.35,209.04,209.1,1825.316
2025-10-10 18:06:00+00:00,209.09,209.53,208.96,208.97,4123.099
2025-10-10 18:07:00+00:00,208.97,209.08,208.4,209.01,12693.495
2025-10-10 18:08:00+00:00,209.02,209.18,208.85,208.86,2863.658
2025-10-10 18:09:00+00:00,208.85,208.91,208.63,208.85,1258.777
2025-10-10 18:10:00+00:00,208.84,208.99,208.62,208.94,1935.654
2025-10-10 18:11:00+00:00,208.93,208.97,208.69,208.8,3354.818
2025-10-10 18:12:00+00:00,208.8,208.86,208.47,208.54,4797.318
2025-10-10 18:13:00+00:00,208.54,208.54,208.24,208.4,4616.43
2025-10-10 18:14:00+00:00,208.4,208.87,208.35,208.87,2231.12
2025-10-10 18:15:00+00:00,208.86,208.86,208.5,208.55,11430.709
2025-10-10 18:16:00+00:00,208.56,209.01,208.55,209.01,4505.773
2025-10-10 18:17:00+00:00,209.0,209.04,208.65,208.67,1514.496
2025-10-10 18:18:00+00:00,208.67,208.71,208.31,208.35,2440.481
2025-10-10 18:19:00+00:00,208.36,208.45,208.09,208.41,5505.921
2025-10-10 18:20:00+00:00,208.41,209.27,208.41,209.21,3933.25
2025-10-10 18:21:00+00:00,209.21,209.48,209.08,209.11,3252.588
2025-10-10 18:22:00+00:00,209.1,209.93,209.08,209.78,12608.679
2025-10-10 18:23:00+00:00,209.77,209.78,209.49,209.56,1711.773
2025-10-10 18:24:00+00:00,209.56,209.74,209.37,209.72,973.71
2025-10-10 18:25:00+00:00,209.72,210.07,209.72,209.78,3294.47
2025-10-10 18:26:00+00:00,209.79,209.98,209.73,209.88,1230.658
2025-10-10 18:27:00+00:00,209.88,209.93,209.68,209.72,1486.688
2025-10-10 18:28:00+00:00,209.72,209.72,209.35,209.53,1229.934
2025-10-10 18:29:00+00:00,209.53,209.53,209.14,209.18,835.899
2025-10-10 18:30:00+00:00,209.18,209.41,209.15,209.33,2264.364
2025-10-10 18:31:00+00:00,209.33,209.44,209.1,209.1,1335.97
2025-10-10 18:32:00+00:00,209.1,209.2,208.93,209.09,1624.452
2025-10-10 18:33:00+00:00,209.1,209.47,209.07,209.25,890.022
2025-10-10 18:34:00+00:00,209.25,209.25,208.83,208.84,998.555
2025-10-10 18:35:00+00:00,208.83,208.86,208.71,208.72,872.507
2025-10-10 18:36:00+00:00,208.71,208.74,208.57,208.61,1811.887
2025-10-10 18:37:00+00:00,208.62,208.64,208.35,208.54,4872.462
2025-10-10 18:38:00+00:00,208.54,208.77,208.45,208.51,1034.221
2025-10-10 18:39:00+00:00,208.51,208.78,208.22,208.4,1105.23
2025-10-10 18:40:00+00:00,208.39,208.52,208.05,208.52,6951.778
2025-10-10 18:41:00+00:00,208.51,208.64,208.3,208.38,1626.109
2025-10-10 18:42:00+00:00,208.37,208.64,208.19,208.64,1182.109
2025-10-10 18:43:00+00:00,208.64,208.88,208.64,208.73,1557.372
2025-10-10 18:44:00+00:00,208.72,208.8,208.42,208.42,1362.885
2025-10-10 18:45:00+00:00,208.42,209.07,208.39,208.76,1356.001
2025-10-10 18:46:00+00:00,208.76,208.88,208.47,208.76,3108.28
2025-10-10 18:47:00+00:00,208.75,208.75,208.26,208.28,6853.742
2025-10-10 18:48:00+00:00,208.29,208.31,207.57,207.57,12615.515
2025-10-10 18:49:00+00:00,207.57,208.21,207.55,208.18,7253.914
2025-10-10 18:50:00+00:00,208.17,208.19,207.9,208.1,876.643
2025-10-10 18:51:00+00:00,208.1,208.45,207.94,208.42,3258.623
2025-10-10 18:52:00+00:00,208.42,208.55,208.11,208.11,1474.43
2025-10-10 18:53:00+00:00,208.11,208.21,207.74,207.83,3808.418
2025-10-10 18:54:00+00:00,207.82,207.93,207.74,207.89,1331.429
2025-10-10 18:55:00+00:00,207.88,207.99,207.75,207.89,1278.619
2025-10-10 18:56:00+00:00,207.89,208.0,207.81,207.96,934.993
2025-10-10 18:57:00+00:00,207.97,207.97,207.73,207.78,1062.347
2025-10-10 18:58:00+00:00,207.78,207.79,207.55,207.67,2003.89
2025-10-10 18:59:00+00:00,207.66,207.66,207.47,207.47,2650.819
2025-10-10 19:00:00+00:00,207.47,208.03,207.45,207.86,1939.002
2025-10-10 19:01:00+00:00,207.85,208.02,207.64,208.0,1830.499
2025-10-10 19:02:00+00:00,207.99,208.16,207.9,208.16,1103.965
2025-10-10 19:03:00+00:00,208.17,208.19,207.88,207.94,2033.29
2025-10-10 19:04:00+00:00,207.94,207.98,207.79,207.95,753.53
2025-10-10 19:05:00+00:00,207.95,208.02,207.5,207.88,2461.279
2025-10-10 19:06:00+00:00,207.88,207.95,207.56,207.95,2772.017
2025-10-10 19:07:00+00:00,207.95,208.08,207.91,208.04,1093.377
2025-10-10 19:08:00+00:00,208.04,208.05,207.28,207.4,3167.359
2025-10-10 19:09:00+00:00,207.39,207.79,207.28,207.55,2382.373
2025-10-10 19:10:00+00:00,207.56,207.61,207.23,207.43,3687.586
2025-10-10 19:11:00+00:00,207.43,207.52,206.54,206.8,20959.941
2025-10-10 19:12:00+00:00,206.8,207.27,206.54,207.24,5288.569
2025-10-10 19:13:00+00:00,207.25,207.5,207.22,207.32,1531.292
2025-10-10 19:14:00+00:00,207.32,207.4,206.89,206.98,2162.019
2025-10-10 19:15:00+00:00,206.97,207.05,206.47,207.01,4643.339
2025-10-10 19:16:00+00:00,207.01,207.17,206.62,206.77,2427.058
2025-10-10 19:17:00+00:00,206.77,206.83,206.59,206.71,4852.48
2025-10-10 19:18:00+00:00,206.72,206.75,206.45,206.5,1761.144
2025-10-10 19:19:00+00:00,206.49,206.56,206.29,206.43,2952.133
2025-10-10 19:20:00+00:00,206.44,206.44,205.97,206.06,9048.472
2025-10-10 19:21:00+00:00,206.06,206.26,205.62,205.89,5216.26
2025-10-10 19:22:00+00:00,205.89,206.17,205.48,206.07,9552.693
2025-10-10 19:23:00+00:00,206.07,206.07,205.45,205.65,2363.313
2025-10-10 19:24:00+00:00,205.66,206.17,205.66,206.15,3589.776
2025-10-10 19:25:00+00:00,206.15,206.9,206.15,206.66,5074.918
2025-10-10 19:26:00+00:00,206.66,206.93,206.26,206.32,3679.121
2025-10-10 19:27:00+00:00,206.32,206.43,205.84,205.91,2493.516
2025-10-10 19:28:00+00:00,205.9,205.93,205.01,205.21,11333.031
2025-10-10 19:29:00+00:00,205.21,205.31,203.46,203.5,43312.671
2025-10-10 19:30:00+00:00,203.5,205.17,203.43,205.16,26489.685
2025-10-10 19:31:00+00:00,205.15,205.31,204.8,204.89,6292.3
2025-10-10 19:32:00+00:00,204.89,205.29,204.68,204.88,6999.209
2025-10-10 19:33:00+00:00,204.87,204.87,203.76,204.24,13034.044
2025-10-10 19:34:00+00:00,204.23,204.64,204.14,204.63,8061.31
2025-10-10 19:35:00+00:00,204.62,204.87,204.28,204.83,12612.489
2025-10-10 19:36:00+00:00,204.82,205.0,204.53,205.0,6255.901
2025-10-10 19:37:00+00:00,205.0,205.1,204.73,204.84,6477.056
2025-10-10 19:38:00+00:00,204.83,205.39,204.83,204.99,11789.215
2025-10-10 19:39:00+00:00,204.99,205.07,204.63,204.92,5740.538
2025-10-10 19:40:00+00:00,204.93,205.43,204.93,204.98,7828.646
2025-10-10 19:41:00+00:00,204.98,205.92,204.91,205.91,3583.816
2025-10-10 19:42:00+00:00,205.92,206.04,205.45,205.82,5043.241
2025-10-10 19:43:00+00:00,205.82,206.29,205.74,206.09,5388.011
2025-10-10 19:44:00+00:00,206.08,206.59,206.03,206.52,5213.562
2025-10-10 19:45:00+00:00,206.52,206.92,206.5,206.68,5479.08
2025-10-10 19:46:00+00:00,206.69,206.71,206.25,206.3,3299.836
2025-10-10 19:47:00+00:00,206.29,206.68,206.29,206.63,2614.007
2025-10-10 19:48:00+00:00,206.63,207.1,206.62,207.1,2490.375
2025-10-10 19:49:00+00:00,207.11,207.2,206.94,207.16,3953.247
2025-10-10 19:50:00+00:00,207.16,207.19,206.52,206.59,5925.488
2025-10-10 19:51:00+00:00,206.59,206.67,206.25,206.25,2921.474
2025-10-10 19:52:00+00:00,206.25,206.76,206.21,206.43,2175.758
2025-10-10 19:53:00+00:00,206.43,206.91,206.3,206.34,4022.432
2025-10-10 19:54:00+00:00,206.33,206.42,205.91,205.96,2655.584
2025-10-10 19:55:00+00:00,205.95,206.19,205.65,206.17,2995.359
2025-10-10 19:56:00+00:00,206.16,206.2,206.01,206.08,1005.829
2025-10-10 19:57:00+00:00,206.07,206.23,205.96,206.17,2704.364
2025-10-10 19:58:00+00:00,206.17,206.17,205.86,206.12,2202.078
2025-10-10 19:59:00+00:00,206.11,206.11,205.27,205.32,7899.964
2025-10-10 20:00:00+00:00,205.31,205.54,205.24,205.41,4697.671
2025-10-10 20:01:00+00:00,205.41,205.62,205.09,205.45,7759.584
2025-10-10 20:02:00+00:00,205.44,205.7,205.18,205.68,3095.446
2025-10-10 20:03:00+00:00,205.67,205.86,205.4,205.86,2242.814
2025-10-10 20:04:00+00:00,205.86,206.37,205.79,206.37,4317.321
2025-10-10 20:05:00+00:00,206.36,206.36,205.84,206.14,3357.659
2025-10-10 20:06:00+00:00,206.14,206.59,206.1,206.47,3685.052
2025-10-10 20:07:00+00:00,206.47,206.52,206.15,206.31,966.744
2025-10-10 20:08:00+00:00,206.31,206.45,206.08,206.11,1936.619
2025-10-10 20:09:00+00:00,206.12,206.12,205.87,205.87,2756.05
2025-10-10 20:10:00+00:00,205.87,206.25,205.7,206.25,1406.951
2025-10-10 20:11:00+00:00,206.25,206.41,206.15,206.39,1618.24
2025-10-10 20:12:00+00:00,206.39,206.95,206.39,206.95,16607.351
2025-10-10 20:13:00+00:00,206.94,206.96,206.45,206.65,3278.033
2025-10-10 20:14:00+00:00,206.64,206.72,206.49,206.51,1429.444
2025-10-10 20:15:00+00:00,206.5,206.86,206.35,206.76,2986.754
2025-10-10 20:16:00+00:00,206.76,207.03,206.73,206.95,2221.965
2025-10-10 20:17:00+00:00,206.95,207.14,206.51,206.54,7491.268
2025-10-10 20:18:00+00:00,206.55,206.61,206.22,206.58,2297.214
2025-10-10 20:19:00+00:00,206.58,206.67,206.5,206.53,1312.195
2025-10-10 20:20:00+00:00,206.53,206.63,206.3,206.63,1483.313
2025-10-10 20:21:00+00:00,206.63,206.82,206.61,206.72,4524.69
2025-10-10 20:22:00+00:00,206.72,206.9,206.66,206.9,626.566
2025-10-10 20:23:00+00:00,206.9,207.37,206.89,207.37,6311.463
2025-10-10 20:24:00+00:00,207.36,207.42,207.14,207.15,3709.825
2025-10-10 20:25:00+00:00,207.15,207.15,206.94,207.09,1446.808
2025-10-10 20:26:00+00:00,207.09,207.34,207.03,207.33,1967.101
2025-10-10 20:27:00+00:00,207.32,207.68,207.21,207.54,2608.736
2025-10-10 20:28:00+00:00,207.54,207.72,207.37,207.4,14306.663
2025-10-10 20:29:00+00:00,207.4,207.62,207.37,207.6,3117.839
2025-10-10 20:30:00+00:00,207.6,207.64,207.21,207.41,4083.693
2025-10-10 20:31:00+00:00,207.4,207.4,206.93,206.98,2528.866
2025-10-10 20:32:00+00:00,206.99,207.01,206.8,207.0,2139.407
2025-10-10 20:33:00+00:00,207.0,207.27,206.83,207.27,2494.685
2025-10-10 20:34:00+00:00,207.26,207.37,207.16,207.33,1064.497
2025-10-10 20:35:00+00:00,207.32,207.33,207.01,207.19,1972.331
2025-10-10 20:36:00+00:00,207.2,207.23,207.0,207.14,1307.102
2025-10-10 20:37:00+00:00,207.14,207.25,207.05,207.2,1296.311
2025-10-10 20:38:00+00:00,207.2,207.51,207.12,207.3,2128.593
2025-10-10 20:39:00+00:00,207.3,207.55,207.29,207.37,887.62
2025-10-10 20:40:00+00:00,207.36,207.59,207.33,207.4,1007.114
2025-10-10 20:41:00+00:00,207.39,207.49,207.34,207.35,667.869
2025-10-10 20:42:00+00:00,207.35,207.51,207.3,207.31,1519.02
2025-10-10 20:43:00+00:00,207.31,207.68,207.2,207.62,4254.195
2025-10-10 20:44:00+00:00,207.62,207.8,207.41,207.51,6984.963
2025-10-10 20:45:00+00:00,207.52,207.68,207.44,207.45,1652.165
2025-10-10 20:46:00+00:00,207.45,207.52,207.1,207.14,2877.515
2025-10-10 20:47:00+00:00,207.13,207.44,207.08,207.33,2640.992
2025-10-10 20:48:00+00:00,207.34,207.37,207.01,207.17,2746.98
2025-10-10 20:49:00+00:00,207.18,207.23,207.06,207.23,2544.311
2025-10-10 20:50:00+00:00,207.23,207.23,205.43,205.83,35493.22
2025-10-10 20:51:00+00:00,205.84,206.3,205.22,205.74,11765.898
2025-10-10 20:52:00+00:00,205.74,205.88,203.93,204.53,42486.525
2025-10-10 20:53:00+00:00,204.54,205.29,203.25,203.3,44602.453
2025-10-10 20:54:00+00:00,203.32,204.32,202.93,203.9,50129.324
2025-10-10 20:55:00+00:00,203.9,204.24,202.46,202.51,26747.229
2025-10-10 20:56:00+00:00,202.51,202.89,198.48,201.33,159842.105
2025-10-10 20:57:00+00:00,201.37,202.26,200.64,201.67,54442.623
2025-10-10 20:58:00+00:00,201.66,202.06,199.12,199.25,37809.644
2025-10-10 20:59:00+00:00,199.27,200.52,193.0,196.84,172090.039
2025-10-10 21:00:00+00:00,196.84,197.86,194.78,195.55,115129.046
2025-10-10 21:01:00+00:00,195.56,198.21,195.5,198.0,63449.09
2025-10-10 21:02:00+00:00,197.99,198.28,197.04,197.65,37918.136
2025-10-10 21:03:00+00:00,197.65,198.73,197.42,197.75,27859.177
2025-10-10 21:04:00+00:00,197.76,198.52,197.52,198.14,20859.214
2025-10-10 21:05:00+00:00,198.14,198.34,196.96,197.68,21828.013
2025-10-10 21:06:00+00:00,197.69,198.08,197.11,197.64,20022.897
2025-10-10 21:07:00+00:00,197.64,198.61,197.48,197.66,21394.09
2025-10-10 21:08:00+00:00,197.67,197.8,196.47,196.87,32265.742
2025-10-10 21:09:00+00:00,196.87,197.81,196.8,197.23,16398.004
2025-10-10 21:10:00+00:00,197.22,197.86,196.25,196.54,11012.749
2025-10-10 21:11:00+00:00,196.53,196.85,194.54,194.54,32621.121
2025-10-10 21:12:00+00:00,194.54,195.23,189.41,189.41,138310.153
2025-10-10 21:13:00+00:00,189.53,189.79,183.0,186.25,100796.701
2025-10-10 21:14:00+00:00,186.26,189.75,180.0,187.39,99851.671
2025-10-10 21:15:00+00:00,187.34,188.51,180.04,181.94,64360.053
2025-10-10 21:16:00+00:00,182.08,182.99,179.45,180.32,74794.913
2025-10-10 21:17:00+00:00,180.35,183.77,180.0,182.02,86643.466
2025-10-10 21:18:00+00:00,182.22,183.54,180.0,180.42,93928.828
2025-10-10 21:19:00+00:00,180.68,182.4,180.0,180.05,61759.873
2025-10-10 21:20:00+00:00,180.05,182.77,180.0,181.31,53350.206
2025-10-10 21:21:00+00:00,180.39,181.39,178.0,179.11,45069.639
2025-10-10 21:22:00+00:00,179.28,181.05,175.0,177.14,37882.778
2025-10-10 21:23:00+00:00,176.87,178.75,174.28,174.84,32415.187
2025-10-10 21:24:00+00:00,174.83,177.01,172.0,174.67,33670.924
2025-10-10 21:25:00+00:00,174.66,180.0,173.25,177.09,40363.918
2025-10-10 21:26:00+00:00,176.59,177.48,172.78,173.68,26387.737
2025-10-10 21:27:00+00:00,173.85,175.3,169.41,170.4,47222.224
2025-10-10 21:28:00+00:00,170.39,175.0,168.79,172.48,28449.296
2025-10-10 21:29:00+00:00,172.48,177.11,170.68,174.74,34892.188
2025-10-10 21:30:00+00:00,174.76,179.0,173.83,177.69,47157.287
2025-10-10 21:31:00+00:00,177.41,185.61,175.27,182.74,31931.976
2025-10-10 21:32:00+00:00,183.26,188.95,181.26,185.7,28821.324
2025-10-10 21:33:00+00:00,185.69,188.16,181.32,185.48,29433.272
2025-10-10 21:34:00+00:00,185.27,186.17,182.51,183.19,14236.033
2025-10-10 21:35:00+00:00,183.62,185.68,182.07,183.76,11199.172
2025-10-10 21:36:00+00:00,183.77,184.94,181.63,184.27,8952.771
2025-10-10 21:37:00+00:00,184.3,184.3,180.6,180.69,9360.991
2025-10-10 21:38:00+00:00,181.26,181.33,177.29,177.36,9280.56
2025-10-10 21:39:00+00:00,177.85,179.5,177.36,178.02,8019.345
2025-10-10 21:40:00+00:00,178.34,185.23,178.02,181.89,33924.216
2025-10-10 21:41:00+00:00,182.0,187.44,180.96,186.17,24525.913
2025-10-10 21:42:00+00:00,186.19,188.74,183.0,185.01,39387.773
2025-10-10 21:43:00+00:00,185.48,190.15,184.0,189.58,56526.633
2025-10-10 21:44:00+00:00,190.14,199.15,189.47,196.82,65971.588
2025-10-10 21:45:00+00:00,196.82,197.3,192.9,195.04,45088.404
2025-10-10 21:46:00+00:00,195.04,195.44,190.96,193.19,31787.543
2025-10-10 21:47:00+00:00,193.19,194.75,193.0,193.18,30830.76
2025-10-10 21:48:00+00:00,193.21,194.06,190.91,191.68,31950.888
2025-10-10 21:49:00+00:00,191.95,192.58,191.35,192.18,18171.995
2025-10-10 21:50:00+00:00,192.17,192.93,191.0,191.83,20759.448
2025-10-10 21:51:00+00:00,191.83,194.6,191.27,193.42,35452.61
2025-10-10 21:52:00+00:00,193.79,196.57,192.58,193.61,52106.616
2025-10-10 21:53:00+00:00,193.61,195.99,193.1,195.0,23548.623
2025-10-10 21:54:00+00:00,194.71,195.0,193.03,193.92,21176.325
2025-10-10 21:55:00+00:00,193.8,195.0,193.45,193.84,19644.476
2025-10-10 21:56:00+00:00,193.85,195.02,193.62,194.93,20742.597
2025-10-10 21:57:00+00:00,194.92,196.94,194.62,196.27,21701.911
2025-10-10 21:58:00+00:00,196.26,196.26,193.92,193.92,21238.548
2025-10-10 21:59:00+00:00,193.92,194.97,193.0,193.41,17809.93
2025-10-10 22:00:00+00:00,193.41,194.0,191.76,191.92,21515.071
2025-10-10 22:01:00+00:00,191.92,192.91,191.03,192.38,23245.578
2025-10-10 22:02:00+00:00,192.5,192.91,191.27,191.5,20248.973
2025-10-10 22:03:00+00:00,191.5,191.99,191.01,191.12,25860.409
2025-10-10 22:04:00+00:00,191.12,192.0,191.0,191.17,34885.742
2025-10-10 22:05:00+00:00,191.19,192.42,190.46,191.86,25562.318
2025-10-10 22:06:00+00:00,191.87,192.16,189.35,189.51,29774.743
2025-10-10 22:07:00+00:00,189.58,190.58,187.41,189.35,26664.494
2025-10-10 22:08:00+00:00,189.34,191.0,188.88,190.7,22824.825
2025-10-10 22:09:00+00:00,190.7,191.43,189.75,190.45,24016.881
2025-10-10 22:10:00+00:00,190.43,190.51,188.96,189.56,35201.541
2025-10-10 22:11:00+00:00,189.5,192.1,189.5,191.54,53111.051
2025-10-10 22:12:00+00:00,191.51,192.0,189.25,189.35,29381.469
2025-10-10 22:13:00+00:00,189.44,190.04,188.55,188.57,30453.703
2025-10-10 22:14:00+00:00,188.59,189.74,188.37,189.64,28871.396
2025-10-10 22:15:00+00:00,189.67,190.04,186.96,189.26,41021.281
2025-10-10 22:16:00+00:00,189.26,189.75,188.35,188.98,19995.738
2025-10-10 22:17:00+00:00,188.98,189.5,185.0,188.06,30457.818
2025-10-10 22:18:00+00:00,188.06,188.69,185.0,186.91,34849.14
2025-10-10 22:19:00+00:00,186.92,187.59,185.0,186.31,36587.178
2025-10-10 22:20:00+00:00,186.31,188.26,186.07,187.19,26627.46
2025-10-10 22:21:00+00:00,187.22,191.06,186.51,187.97,45676.537
2025-10-10 22:22:00+00:00,187.95,188.3,187.0,187.88,23011.961
2025-10-10 22:23:00+00:00,187.9,188.31,186.8,187.32,21648.288
2025-10-10 22:24:00+00:00,187.33,188.0,186.26,187.0,30886.004
2025-10-10 22:25:00+00:00,187.01,187.44,185.0,185.57,38981.667
2025-10-10 22:26:00+00:00,185.56,186.23,182.26,184.8,35763.085
2025-10-10 22:27:00+00:00,184.8,185.76,184.08,184.73,26861.286
2025-10-10 22:28:00+00:00,184.73,186.02,184.12,185.84,40082.42
2025-10-10 22:29:00+00:00,185.84,186.0,184.82,185.12,27452.73
2025-10-10 22:30:00+00:00,185.12,185.91,184.52,185.5,19343.24
2025-10-10 22:31:00+00:00,185.5,186.9,185.45,186.61,21464.592
2025-10-10 22:32:00+00:00,186.6,188.0,185.9,187.3,41751.35
2025-10-10 22:33:00+00:00,187.3,188.0,186.98,187.44,27819.239
2025-10-10 22:34:00+00:00,187.45,188.6,187.37,188.39,16407.76
2025-10-10 22:35:00+00:00,188.37,188.74,187.86,188.56,11859.922
2025-10-10 22:36:00+00:00,188.57,189.34,188.22,188.67,15922.902
2025-10-10 22:37:00+00:00,188.68,189.16,187.9,188.86,21303.049
2025-10-10 22:38:00+00:00,188.9,189.75,188.89,189.43,10257.929
2025-10-10 22:39:00+00:00,189.44,190.21,189.06,189.88,14186.764
2025-10-10 22:40:00+00:00,189.87,191.16,189.23,190.16,19050.187
2025-10-10 22:41:00+00:00,190.16,190.44,189.64,189.81,19150.1
2025-10-10 22:42:00+00:00,189.8,190.4,188.85,190.08,13960.262
2025-10-10 22:43:00+00:00,189.7,189.7,188.43,189.37,20937.581
2025-10-10 22:44:00+00:00,189.36,190.25,189.0,189.34,15959.222
2025-10-10 22:45:00+00:00,189.34,190.99,189.2,190.42,15000.04
2025-10-10 22:46:00+00:00,190.43,191.7,190.15,191.03,23509.016
2025-10-10 22:47:00+00:00,191.03,192.49,190.77,192.19,24459.507
2025-10-10 22:48:00+00:00,192.2,193.49,191.98,192.94,23172.638
2025-10-10 22:49:00+00:00,192.94,193.09,191.66,191.81,18824.961
2025-10-10 22:50:00+00:00,191.8,192.48,190.95,191.09,14817.361
2025-10-10 22:51:00+00:00,191.09,191.27,190.62,191.0,15982.477
2025-10-10 22:52:00+00:00,191.0,191.27,190.3,190.53,19404.645
2025-10-10 22:53:00+00:00,190.52,190.82,187.68,187.78,27847.803
2025-10-10 22:54:00+00:00,187.78,188.32,187.53,188.15,22338.634
2025-10-10 22:55:00+00:00,188.15,188.48,187.67,188.48,15290.124
2025-10-10 22:56:00+00:00,188.47,189.48,188.28,188.74,11957.366
2025-10-10 22:57:00+00:00,188.73,189.8,188.35,188.96,17678.367
2025-10-10 22:58:00+00:00,188.96,190.44,187.32,190.0,24956.467
2025-10-10 22:59:00+00:00,190.0,190.49,189.75,189.93,10323.564
2025-10-10 23:00:00+00:00,189.93,190.21,189.2,190.05,15275.48
2025-10-10 23:01:00+00:00,190.04,190.29,189.53,190.15,17001.723
2025-10-10 23:02:00+00:00,190.16,191.27,190.14,190.49,23213.637
2025-10-10 23:03:00+00:00,190.49,191.66,190.49,191.15,14584.485
2025-10-10 23:04:00+00:00,191.15,191.39,190.25,190.26,19095.078
2025-10-10 23:05:00+00:00,190.25,190.55,189.97,190.4,13329.293
2025-10-10 23:06:00+00:00,190.4,190.82,190.13,190.25,11286.603
2025-10-10 23:07:00+00:00,190.25,190.61,189.86,190.3,16652.324
2025-10-10 23:08:00+00:00,190.3,190.51,189.32,190.3,18354.919
2025-10-10 23:09:00+00:00,190.29,190.55,189.66,190.23,17467.413
2025-10-10 23:10:00+00:00,190.23,190.65,189.65,189.78,13576.432
2025-10-10 23:11:00+00:00,189.79,190.12,188.44,188.79,20722.344
2025-10-10 23:12:00+00:00,188.78,189.01,188.22,188.52,18833.046
2025-10-10 23:13:00+00:00,188.51,188.95,188.17,188.55,16035.4
2025-10-10 23:14:00+00:00,188.56,189.35,188.55,189.33,8720.786
2025-10-10 23:15:00+00:00,189.34,189.99,188.95,189.99,8833.363
2025-10-10 23:16:00+00:00,189.98,190.41,189.68,190.01,8897.797
2025-10-10 23:17:00+00:00,190.02,190.36,189.57,189.78,12467.964
2025-10-10 23:18:00+00:00,189.78,190.41,189.3,190.27,14786.641
2025-10-10 23:19:00+00:00,190.26,190.82,189.35,190.44,15523.368
2025-10-10 23:20:00+00:00,190.44,190.96,190.25,190.6,9796.98
2025-10-10 23:21:00+00:00,190.6,190.66,189.38,189.57,14423.326
2025-10-10 23:22:00+00:00,189.57,190.24,189.54,190.2,10298.535
2025-10-10 23:23:00+00:00,190.2,190.91,190.16,190.65,12763.592
2025-10-10 23:24:00+00:00,190.65,191.15,190.42,190.44,10961.139
2025-10-10 23:25:00+00:00,190.44,191.37,190.44,191.09,13687.467
2025-10-10 23:26:00+00:00,191.08,191.87,190.93,191.09,20230.246
2025-10-10 23:27:00+00:00,191.1,192.58,191.08,192.57,19906.024
2025-10-10 23:28:00+00:00,192.58,193.43,192.32,193.23,20195.698
2025-10-10 23:29:00+00:00,193.23,193.33,192.37,192.56,12153.971
2025-10-10 23:30:00+00:00,192.55,192.89,192.17,192.38,10196.005
2025-10-10 23:31:00+00:00,192.38,192.46,191.79,192.32,9685.818
2025-10-10 23:32:00+00:00,192.33,192.95,192.01,192.04,13112.196
2025-10-10 23:33:00+00:00,192.05,192.32,191.93,192.06,11772.533
2025-10-10 23:34:00+00:00,192.05,192.23,191.9,191.94,5388.909
2025-10-10 23:35:00+00:00,191.94,193.8,191.9,192.56,18146.58
2025-10-10 23:36:00+00:00,192.56,192.72,191.66,191.92,12571.41
2025-10-10 23:37:00+00:00,191.92,192.98,191.92,192.92,10805.4
2025-10-10 23:38:00+00:00,192.93,193.45,192.83,193.43,8454.473
2025-10-10 23:39:00+00:00,193.43,194.37,193.32,194.22,15908.656
2025-10-10 23:40:00+00:00,194.23,197.11,193.34,194.1,26320.998
2025-10-10 23:41:00+00:00,194.09,195.29,194.04,194.56,15610.558
2025-10-10 23:42:00+00:00,194.56,197.11,194.0,194.73,24844.304
2025-10-10 23:43:00+00:00,194.73,195.23,194.47,194.93,16664.55
2025-10-10 23:44:00+00:00,194.92,195.1,194.22,194.41,12586.244
2025-10-10 23:45:00+00:00,194.41,195.21,194.0,194.3,12661.976
2025-10-10 23:46:00+00:00,194.3,194.32,193.87,193.88,15745.006
2025-10-10 23:47:00+00:00,193.87,193.88,191.97,191.99,20938.198
2025-10-10 23:48:00+00:00,192.0,192.3,191.0,191.81,22999.346
2025-10-10 23:49:00+00:00,191.8,191.94,188.89,189.0,49710.447
2025-10-10 23:50:00+00:00,189.0,189.98,187.9,189.53,33021.635
2025-10-10 23:51:00+00:00,189.53,190.17,187.85,189.71,30872.352
2025-10-10 23:52:00+00:00,189.72,189.81,188.43,188.87,16333.71
2025-10-10 23:53:00+00:00,188.86,189.6,188.55,189.23,12894.685
2025-10-10 23:54:00+00:00,189.24,189.4,188.67,188.81,10333.899
2025-10-10 23:55:00+00:00,188.81,188.99,187.93,188.24,11954.894
2025-10-10 23:56:00+00:00,188.25,188.33,187.8,187.87,7061.627
2025-10-10 23:57:00+00:00,187.88,188.24,187.33,188.1,12190.866
2025-10-10 23:58:00+00:00,188.1,188.84,187.86,188.4,11769.691
2025-10-10 23:59:00+00:00,188.41,188.9,188.12,188.43,9447.288
